Kategori Produk,Jenis Produk,Harga Satuan,Jumlah,Total,Modal,Laba Kotor,Rating
Health and beauty,Sabun Muka,1120350.0,7,8234572.0,7842450.0,392122.0,8.6
Electronic accessories,Earphone,229200.0,5,1203300.0,1146000.0,57300.0,9.4
Home and lifestyle,Alat Pel,694950.0,7,5107882.0,4864650.0,243232.0,6.1
Health and beauty,Bedak,873300.0,8,7335720.0,6986400.0,349320.0,7.6
Sports and travel,Skipping Rope,1294650.0,7,9515678.0,9062550.0,453128.0,3.0
Electronic accessories,Adaptor,1280850.0,7,9414248.0,8965950.0,448298.0,1.1
Electronic accessories,Adaptor,1032600.0,6,6505380.0,6195600.0,309780.0,3.7
Home and lifestyle,Karpet,1103400.0,10,11585700.0,11034000.0,551700.0,7.0
Health and beauty,Obat Jerawat,543900.0,2,1142190.0,1087800.0,54390.0,5.8
Food and beverages,Madu,822600.0,3,2591190.0,2467800.0,123390.0,3.8
Fashion accessories,Pin,217200.0,4,912240.0,868800.0,43440.0,1.8
Electronic accessories,Earphone,382650.0,4,1607130.0,1530600.0,76530.0,5.2
Electronic accessories,Tripod Smartphone,704250.0,5,3697312.0,3521250.0,176062.0,5.6
Food and beverages,Jus,647850.0,10,6802425.0,6478500.0,323925.0,7.3
Health and beauty,Hair Oil,1070700.0,10,11242350.0,10707000.0,535350.0,3.6
Sports and travel,Sepeda,1405800.0,6,8856540.0,8434800.0,421740.0,1.8
Health and beauty,Serum,1033950.0,7,7599532.0,7237650.0,361882.0,1.9
Sports and travel,Pedometer,1089150.0,6,6861645.0,6534900.0,326745.0,5.4
Food and beverages,Yogurt,820050.0,3,2583158.0,2460150.0,123008.0,7.9
Home and lifestyle,Dispenser,604500.0,2,1269450.0,1209000.0,60450.0,1.6
Electronic accessories,USB Hub,1290600.0,5,6775650.0,6453000.0,322650.0,2.2
Health and beauty,Skincare,1319700.0,3,4157055.0,3959100.0,197955.0,2.6
Home and lifestyle,Kipas Angin,498000.0,2,1045800.0,996000.0,49800.0,1.6
Electronic accessories,Earphone,518400.0,5,2721600.0,2592000.0,129600.0,9.8
Sports and travel,Dumbbell,1329450.0,3,4187768.0,3988350.0,199418.0,4.0
Home and lifestyle,Tempat Sampah,788850.0,8,6626340.0,6310800.0,315540.0,7.8
Fashion accessories,Jam Tangan,502800.0,1,527940.0,502800.0,25140.0,5.0
Fashion accessories,Dasi,1315050.0,2,2761605.0,2630100.0,131505.0,6.6
Food and beverages,Teh,1325400.0,5,6958350.0,6627000.0,331350.0,9.4
Health and beauty,Obat Jerawat,373350.0,9,3528158.0,3360150.0,168008.0,6.1
Fashion accessories,Tas Tangan,1411950.0,5,7412738.0,7059750.0,352988.0,2.2
Sports and travel,Sepeda,1171050.0,9,11066422.0,10539450.0,526972.0,1.8
Sports and travel,Kacamata Renang,1256700.0,8,10556280.0,10053600.0,502680.0,2.6
Health and beauty,Hair Tonic,1448700.0,2,3042270.0,2897400.0,144870.0,2.6
Food and beverages,Minuman Bersoda,1491300.0,4,6263460.0,5965200.0,298260.0,6.2
Sports and travel,Pelampung,1021800.0,1,1072890.0,1021800.0,51090.0,5.2
Sports and travel,Topi Outdoor,939300.0,5,4931325.0,4696500.0,234825.0,5.5
Electronic accessories,Cooling Pad,913200.0,9,8629740.0,8218800.0,410940.0,2.1
Health and beauty,Hair Tonic,823800.0,8,6919920.0,6590400.0,329520.0,6.4
Home and lifestyle,Vacuum Cleaner,451800.0,8,3795120.0,3614400.0,180720.0,6.6
Home and lifestyle,Bantal,1300800.0,1,1365840.0,1300800.0,65040.0,6.8
Home and lifestyle,Tirai,841650.0,2,1767465.0,1683300.0,84165.0,4.4
Sports and travel,Helm Sepeda,1036800.0,6,6531840.0,6220800.0,311040.0,3.4
Food and beverages,Mie Instan,1480500.0,8,12436200.0,11844000.0,592200.0,6.4
Health and beauty,Serum,230550.0,2,484155.0,461100.0,23055.0,5.8
Electronic accessories,Smartwatch,1409400.0,4,5919480.0,5637600.0,281880.0,9.2
Health and beauty,Body Scrub,850350.0,9,8035808.0,7653150.0,382658.0,7.6
Food and beverages,Air Mineral,300150.0,9,2836418.0,2701350.0,135068.0,1.1
Electronic accessories,Car Charger,283950.0,6,1788885.0,1703700.0,85185.0,7.2
Fashion accessories,Kacamata,1239450.0,10,13014225.0,12394500.0,619725.0,6.8
Food and beverages,Susu,1371000.0,7,10076850.0,9597000.0,479850.0,9.2
Food and beverages,Jus,668850.0,5,3511462.0,3344250.0,167212.0,7.8
Fashion accessories,Bros,268050.0,4,1125810.0,1072200.0,53610.0,4.8
Fashion accessories,Jepit Rambut,231450.0,1,243022.0,231450.0,11572.0,4.2
Home and lifestyle,Karpet,242400.0,2,509040.0,484800.0,24240.0,4.8
Electronic accessories,Wireless Charger,1289700.0,8,10833480.0,10317600.0,515880.0,7.3
Home and lifestyle,Alat Pel,665100.0,2,1396710.0,1330200.0,66510.0,3.7
Health and beauty,Shampoo,1344000.0,8,11289600.0,10752000.0,537600.0,4.9
Home and lifestyle,Tirai,1085250.0,10,11395125.0,10852500.0,542625.0,3.1
Electronic accessories,VR Glasses,459150.0,6,2892645.0,2754900.0,137745.0,9.0
Sports and travel,Jas Hujan,371100.0,3,1168965.0,1113300.0,55665.0,10.0
Home and lifestyle,Setrika,835950.0,6,5266485.0,5015700.0,250785.0,5.5
Sports and travel,Compass,826050.0,9,7806173.0,7434450.0,371722.0,10.0
Sports and travel,Jas Hujan,237150.0,10,2490075.0,2371500.0,118575.0,7.9
Health and beauty,Pasta Gigi,1136100.0,4,4771620.0,4544400.0,227220.0,6.4
Health and beauty,Body Scrub,238050.0,10,2499525.0,2380500.0,119025.0,3.7
Health and beauty,Deodoran,502050.0,2,1054305.0,1004100.0,50205.0,5.0
Fashion accessories,Gelang,1464150.0,6,9224145.0,8784900.0,439245.0,9.8
Sports and travel,Pedometer,1181550.0,10,12406275.0,11815500.0,590775.0,4.6
Health and beauty,Masker Wajah,274950.0,1,288698.0,274950.0,13748.0,1.4
Food and beverages,Keripik Kentang,1342200.0,10,14093100.0,13422000.0,671100.0,9.4
Fashion accessories,Topi,931800.0,10,9783900.0,9318000.0,465900.0,3.8
Food and beverages,Susu,727800.0,3,2292570.0,2183400.0,109170.0,1.0
Electronic accessories,Earphone,1138650.0,6,7173495.0,6831900.0,341595.0,8.0
Home and lifestyle,Blender,1120050.0,9,10584472.0,10080450.0,504022.0,9.1
Electronic accessories,Car Charger,624750.0,10,6559875.0,6247500.0,312375.0,3.1
Fashion accessories,Jam Tangan,735600.0,9,6951420.0,6620400.0,331020.0,7.9
Fashion accessories,Pin,300150.0,9,2836418.0,2701350.0,135068.0,3.6
Food and beverages,Sereal,1174650.0,10,12333825.0,11746500.0,587325.0,4.9
Health and beauty,Toner,305700.0,5,1604925.0,1528500.0,76425.0,4.0
Health and beauty,Skincare,1487850.0,6,9373455.0,8927100.0,446355.0,3.2
Food and beverages,Jus,1450200.0,3,4568130.0,4350600.0,217530.0,4.6
Food and beverages,Coklat,288750.0,8,2425500.0,2310000.0,115500.0,4.9
Food and beverages,Susu UHT,1205400.0,4,5062680.0,4821600.0,241080.0,7.4
Sports and travel,Skipping Rope,733650.0,5,3851662.0,3668250.0,183412.0,4.9
Sports and travel,Pedometer,1245900.0,7,9157365.0,8721300.0,436065.0,1.0
Fashion accessories,Ikat Pinggang,1147800.0,5,6025950.0,5739000.0,286950.0,9.8
Food and beverages,Mie Instan,740700.0,7,5444145.0,5184900.0,259245.0,6.0
Sports and travel,Sepatu Olahraga,637050.0,1,668902.0,637050.0,31852.0,3.6
Health and beauty,Obat Jerawat,1154850.0,6,7275555.0,6929100.0,346455.0,4.2
Home and lifestyle,Blender,710700.0,4,2984940.0,2842800.0,142140.0,5.6
Sports and travel,Sepatu Olahraga,672900.0,10,7065450.0,6729000.0,336450.0,7.3
Sports and travel,Topi Outdoor,329700.0,7,2423295.0,2307900.0,115395.0,2.6
Health and beauty,Handbody,965400.0,9,9123030.0,8688600.0,434430.0,7.9
Health and beauty,Sabun Muka,1346250.0,1,1413562.0,1346250.0,67312.0,4.9
Electronic accessories,Webcam,1457400.0,1,1530270.0,1457400.0,72870.0,5.8
Health and beauty,Parfum,1318050.0,10,13839525.0,13180500.0,659025.0,2.6
Electronic accessories,Adaptor,186750.0,6,1176525.0,1120500.0,56025.0,1.1
Food and beverages,Permen,791250.0,3,2492438.0,2373750.0,118688.0,9.0
Home and lifestyle,Sprei,1240500.0,6,7815150.0,7443000.0,372150.0,6.1
Fashion accessories,Pin,730650.0,1,767182.0,730650.0,36532.0,1.1
Fashion accessories,Ikat Pinggang,1178250.0,9,11134462.0,10604250.0,530212.0,5.8
Electronic accessories,Lampu LED USB,346050.0,9,3270172.0,3114450.0,155722.0,2.4
Food and beverages,Permen,873900.0,6,5505570.0,5243400.0,262170.0,9.8
Health and beauty,Sunscreen,455250.0,7,3346088.0,3186750.0,159338.0,7.0
Electronic accessories,VR Glasses,1330050.0,10,13965525.0,13300500.0,665025.0,6.0
Fashion accessories,Dompet,410700.0,6,2587410.0,2464200.0,123210.0,6.8
Sports and travel,Kaos Kaki Olahraga,931950.0,6,5871285.0,5591700.0,279585.0,6.1
Food and beverages,Coklat,509700.0,9,4816665.0,4587300.0,229365.0,1.3
Electronic accessories,VR Glasses,1229550.0,10,12910275.0,12295500.0,614775.0,8.8
Sports and travel,Skipping Rope,247350.0,2,519435.0,494700.0,24735.0,1.9
Health and beauty,Masker Wajah,1473150.0,3,4640422.0,4419450.0,220972.0,6.7
Fashion accessories,Kalung,1092600.0,7,8030610.0,7648200.0,382410.0,7.6
Home and lifestyle,Guling,871050.0,9,8231422.0,7839450.0,391972.0,1.4
Home and lifestyle,Setrika,1211850.0,9,11451982.0,10906650.0,545332.0,9.2
Fashion accessories,Anting,405300.0,3,1276695.0,1215900.0,60795.0,5.6
Fashion accessories,Sarung Tangan,329100.0,5,1727775.0,1645500.0,82275.0,3.0
Fashion accessories,Gelang,770400.0,1,808920.0,770400.0,38520.0,2.8
Food and beverages,Coklat,164400.0,10,1726200.0,1644000.0,82200.0,4.0
Home and lifestyle,Lemari,801600.0,2,1683360.0,1603200.0,80160.0,1.1
Electronic accessories,Smartwatch,1493400.0,8,12544560.0,11947200.0,597360.0,2.8
Sports and travel,Botol Minum,856800.0,7,6297480.0,5997600.0,299880.0,4.8
Sports and travel,Pelindung Lutut,1499400.0,9,14169330.0,13494600.0,674730.0,1.3
Home and lifestyle,Kipas Angin,958650.0,8,8052660.0,7669200.0,383460.0,1.9
Fashion accessories,Tas Selempang,847050.0,8,7115220.0,6776400.0,338820.0,6.0
Home and lifestyle,Guling,1405350.0,7,10329322.0,9837450.0,491872.0,1.8
Sports and travel,Sleeping Bag,483750.0,5,2539688.0,2418750.0,120938.0,8.5
Fashion accessories,Clutch,475950.0,9,4497728.0,4283550.0,214178.0,3.8
Food and beverages,Roti,1028100.0,8,8636040.0,8224800.0,411240.0,7.8
Sports and travel,Topi Outdoor,1354200.0,9,12797190.0,12187800.0,609390.0,5.8
Fashion accessories,Dompet,594300.0,7,4368105.0,4160100.0,208005.0,6.2
Sports and travel,Sepatu Olahraga,1381950.0,6,8706285.0,8291700.0,414585.0,7.4
Sports and travel,Sepatu Olahraga,522600.0,4,2194920.0,2090400.0,104520.0,6.1
Electronic accessories,Lampu LED USB,1311750.0,6,8264025.0,7870500.0,393525.0,8.2
Health and beauty,Skincare,1219500.0,6,7682850.0,7317000.0,365850.0,3.0
Fashion accessories,Sarung Tangan,1353300.0,3,4262895.0,4059900.0,202995.0,4.3
Electronic accessories,Powerbank,394650.0,5,2071912.0,1973250.0,98662.0,8.2
Home and lifestyle,Meja,516300.0,6,3252690.0,3097800.0,154890.0,9.7
Sports and travel,Helm Sepeda,778650.0,10,8175825.0,7786500.0,389325.0,7.3
Sports and travel,Jas Hujan,1087500.0,8,9135000.0,8700000.0,435000.0,8.8
Sports and travel,Dumbbell,1347000.0,10,14143500.0,13470000.0,673500.0,3.1
Health and beauty,Sunscreen,1357500.0,10,14253750.0,13575000.0,678750.0,7.2
Health and beauty,Deodoran,1029000.0,10,10804500.0,10290000.0,514500.0,8.6
Food and beverages,Selai Kacang,456150.0,1,478958.0,456150.0,22808.0,7.6
Home and lifestyle,Cermin,1169250.0,6,7366275.0,7015500.0,350775.0,7.0
Health and beauty,Serum,693900.0,6,4371570.0,4163400.0,208170.0,9.2
Fashion accessories,Clutch,452100.0,10,4747050.0,4521000.0,226050.0,8.8
Health and beauty,Hair Oil,992100.0,4,4166820.0,3968400.0,198420.0,3.4
Home and lifestyle,Jam Dinding,1077900.0,8,9054360.0,8623200.0,431160.0,4.3
Health and beauty,Conditioner,486900.0,8,4089960.0,3895200.0,194760.0,2.4
Fashion accessories,Cincin,1373100.0,4,5767020.0,5492400.0,274620.0,2.2
Sports and travel,Skipping Rope,518400.0,7,3810240.0,3628800.0,181440.0,6.0
Fashion accessories,Syal,1248600.0,9,11799270.0,11237400.0,561870.0,6.1
Food and beverages,Teh,247200.0,6,1557360.0,1483200.0,74160.0,9.8
Sports and travel,Matras Yoga,1214550.0,8,10202220.0,9716400.0,485820.0,9.0
Food and beverages,Selai Kacang,1384350.0,5,7267838.0,6921750.0,346088.0,8.5
Electronic accessories,Adaptor,1082550.0,1,1136678.0,1082550.0,54128.0,4.2
Home and lifestyle,Sprei,754200.0,5,3959550.0,3771000.0,188550.0,9.5
Health and beauty,Shampoo,1458300.0,9,13780935.0,13124700.0,656235.0,4.0
Sports and travel,Raket,1400850.0,6,8825355.0,8405100.0,420255.0,10.0
Food and beverages,Susu,647700.0,8,5440680.0,5181600.0,259080.0,7.4
Sports and travel,Dumbbell,955350.0,1,1003118.0,955350.0,47768.0,4.0
Food and beverages,Coklat,686850.0,7,5048348.0,4807950.0,240397.0,5.5
Sports and travel,Bola Futsal,1146000.0,2,2406600.0,2292000.0,114600.0,4.8
Food and beverages,Keripik Kentang,598500.0,10,6284250.0,5985000.0,299250.0,3.8
Health and beauty,Body Scrub,638550.0,8,5363820.0,5108400.0,255420.0,3.4
Home and lifestyle,Kompor Gas,1433700.0,10,15053850.0,14337000.0,716850.0,2.2
Fashion accessories,Gelang,1484700.0,10,15589350.0,14847000.0,742350.0,8.0
Food and beverages,Minuman Bersoda,769200.0,6,4845960.0,4615200.0,230760.0,4.8
Sports and travel,Kaos Kaki Olahraga,1042800.0,7,7664580.0,7299600.0,364980.0,7.8
Health and beauty,Pelembab,1050150.0,5,5513288.0,5250750.0,262538.0,3.2
Food and beverages,Coklat Bubuk,1200750.0,5,6303938.0,6003750.0,300188.0,9.1
Electronic accessories,Headphone,312750.0,8,2627100.0,2502000.0,125100.0,4.4
Electronic accessories,Adaptor,793350.0,6,4998105.0,4760100.0,238005.0,9.7
Food and beverages,Sereal,296850.0,8,2493540.0,2374800.0,118740.0,8.0
Home and lifestyle,Cermin,507600.0,9,4796820.0,4568400.0,228420.0,8.2
Food and beverages,Susu Kental Manis,332550.0,8,2793420.0,2660400.0,133020.0,9.4
Fashion accessories,Cincin,337650.0,7,2481728.0,2363550.0,118178.0,2.2
Food and beverages,Biskuit,1108200.0,6,6981660.0,6649200.0,332460.0,1.6
Health and beauty,Pelembab,1302000.0,3,4101300.0,3906000.0,195300.0,9.8
Fashion accessories,Bros,963900.0,7,7084665.0,6747300.0,337365.0,3.6
Food and beverages,Permen,577050.0,8,4847220.0,4616400.0,230820.0,6.6
Sports and travel,Pelampung,232500.0,10,2441250.0,2325000.0,116250.0,7.0
Health and beauty,Sabun Muka,514650.0,8,4323060.0,4117200.0,205860.0,3.6
Sports and travel,Pedometer,185100.0,7,1360485.0,1295700.0,64785.0,5.0
Food and beverages,Teh,271200.0,3,854280.0,813600.0,40680.0,7.0
Home and lifestyle,Vacuum Cleaner,1417350.0,8,11905740.0,11338800.0,566940.0,6.2
Home and lifestyle,Vacuum Cleaner,697050.0,4,2927610.0,2788200.0,139410.0,5.5
Home and lifestyle,Kompor Gas,1111050.0,1,1166602.0,1111050.0,55552.0,9.8
Home and lifestyle,Tempat Sampah,1047150.0,4,4398030.0,4188600.0,209430.0,3.8
Home and lifestyle,Bantal,1155600.0,3,3640140.0,3466800.0,173340.0,5.8
Fashion accessories,Bandana,1102800.0,2,2315880.0,2205600.0,110280.0,1.9
Food and beverages,Selai Kacang,1317000.0,9,12445650.0,11853000.0,592650.0,8.8
Home and lifestyle,Meja,383250.0,4,1609650.0,1533000.0,76650.0,3.6
Electronic accessories,Keyboard,490650.0,5,2575912.0,2453250.0,122662.0,9.8
Fashion accessories,Gelang,1114350.0,1,1170068.0,1114350.0,55718.0,2.5
Health and beauty,Obat Jerawat,655500.0,2,1376550.0,1311000.0,65550.0,2.4
Home and lifestyle,Kompor Gas,379350.0,1,398318.0,379350.0,18968.0,4.2
Health and beauty,Serum,622500.0,4,2614500.0,2490000.0,124500.0,7.3
Food and beverages,Minuman Bersoda,1070850.0,5,5621962.0,5354250.0,267712.0,3.2
Sports and travel,Bola Futsal,287250.0,6,1809675.0,1723500.0,86175.0,5.2
Electronic accessories,Powerbank,862350.0,4,3621870.0,3449400.0,172470.0,4.9
Electronic accessories,Webcam,921150.0,7,6770452.0,6448050.0,322402.0,9.7
Health and beauty,Handbody,388500.0,10,4079250.0,3885000.0,194250.0,8.0
Home and lifestyle,Guling,266550.0,5,1399388.0,1332750.0,66638.0,3.1
Health and beauty,Skincare,345450.0,9,3264502.0,3109050.0,155452.0,6.8
Electronic accessories,Speaker Bluetooth,999750.0,9,9447638.0,8997750.0,449888.0,9.5
Home and lifestyle,Lemari,427950.0,10,4493475.0,4279500.0,213975.0,6.7
Fashion accessories,Sarung Tangan,455550.0,3,1434982.0,1366650.0,68332.0,2.6
Electronic accessories,USB Hub,1495950.0,9,14136728.0,13463550.0,673178.0,4.8
Electronic accessories,Wireless Charger,393450.0,9,3718102.0,3541050.0,177052.0,3.8
Food and beverages,Permen,1398900.0,9,13219605.0,12590100.0,629505.0,8.2
Home and lifestyle,Cermin,1385400.0,5,7273350.0,6927000.0,346350.0,2.4
Sports and travel,Pelampung,696300.0,3,2193345.0,2088900.0,104445.0,1.6
Sports and travel,Compass,444150.0,7,3264502.0,3109050.0,155452.0,4.8
Home and lifestyle,Guling,274200.0,1,287910.0,274200.0,13710.0,7.4
Sports and travel,Pedometer,371550.0,5,1950637.0,1857750.0,92888.0,7.8
Electronic accessories,Cooling Pad,1419600.0,3,4471740.0,4258800.0,212940.0,3.2
Fashion accessories,Dompet,1423050.0,8,11953620.0,11384400.0,569220.0,8.0
Food and beverages,Saus Tomat,860100.0,3,2709315.0,2580300.0,129015.0,6.8
Electronic accessories,Charger,680250.0,6,4285575.0,4081500.0,204075.0,4.2
Food and beverages,Kopi,931200.0,7,6844320.0,6518400.0,325920.0,3.1
Electronic accessories,Lampu LED USB,177150.0,5,930038.0,885750.0,44288.0,9.1
Fashion accessories,Tas Selempang,188100.0,1,197505.0,188100.0,9405.0,7.3
Food and beverages,Susu UHT,648750.0,2,1362375.0,1297500.0,64875.0,4.3
Sports and travel,Jersey,1307400.0,2,2745540.0,2614800.0,130740.0,9.5
Health and beauty,Masker Wajah,1040550.0,9,9833198.0,9364950.0,468248.0,1.0
Electronic accessories,Charger,555900.0,4,2334780.0,2223600.0,111180.0,9.5
Electronic accessories,Adaptor,1360500.0,6,8571150.0,8163000.0,408150.0,3.0
Home and lifestyle,Setrika,951300.0,8,7990920.0,7610400.0,380520.0,6.1
Fashion accessories,Kacamata,1220550.0,2,2563155.0,2441100.0,122055.0,4.8
Electronic accessories,Keyboard,158850.0,3,500378.0,476550.0,23828.0,8.0
Health and beauty,Serum,1261350.0,9,11919758.0,11352150.0,567608.0,7.0
Fashion accessories,Kalung,1107300.0,4,4650660.0,4429200.0,221460.0,5.0
Health and beauty,Sabun Mandi,779100.0,10,8180550.0,7791000.0,389550.0,4.8
Sports and travel,Topi Outdoor,1397100.0,2,2933910.0,2794200.0,139710.0,1.1
Health and beauty,Hair Oil,261150.0,5,1371038.0,1305750.0,65288.0,2.4
Fashion accessories,Sarung Tangan,663300.0,5,3482325.0,3316500.0,165825.0,7.9
Electronic accessories,USB Hub,198300.0,5,1041075.0,991500.0,49575.0,1.4
Fashion accessories,Topi,1345350.0,1,1412618.0,1345350.0,67268.0,2.4
Food and beverages,Coklat Bubuk,374100.0,9,3535245.0,3366900.0,168345.0,3.4
Health and beauty,Shampoo,896550.0,2,1882755.0,1793100.0,89655.0,3.7
Fashion accessories,Dasi,1398000.0,2,2935800.0,2796000.0,139800.0,4.0
Home and lifestyle,Alat Pel,939750.0,4,3946950.0,3759000.0,187950.0,1.3
Home and lifestyle,Rice Cooker,1408050.0,8,11827620.0,11264400.0,563220.0,7.4
Home and lifestyle,Karpet,713850.0,8,5996340.0,5710800.0,285540.0,3.6
Electronic accessories,Mouse,1221000.0,3,3846150.0,3663000.0,183150.0,2.2
Fashion accessories,Clutch,269100.0,5,1412775.0,1345500.0,67275.0,5.2
Electronic accessories,Webcam,1165800.0,4,4896360.0,4663200.0,233160.0,8.2
Food and beverages,Yogurt,1095900.0,7,8054865.0,7671300.0,383565.0,1.3
Food and beverages,Madu,698250.0,9,6598462.0,6284250.0,314212.0,4.6
Fashion accessories,Bros,527850.0,10,5542425.0,5278500.0,263925.0,7.6
Sports and travel,Tas Hiking,215850.0,2,453285.0,431700.0,21585.0,5.8
Home and lifestyle,Sprei,356250.0,4,1496250.0,1425000.0,71250.0,2.8
Home and lifestyle,Setrika,883500.0,8,7421400.0,7068000.0,353400.0,8.4
Fashion accessories,Pin,489300.0,4,2055060.0,1957200.0,97860.0,8.5
Electronic accessories,Smartwatch,995250.0,1,1045013.0,995250.0,49762.0,9.5
Home and lifestyle,Vacuum Cleaner,388650.0,6,2448495.0,2331900.0,116595.0,8.0
Electronic accessories,Kabel Data,483750.0,4,2031750.0,1935000.0,96750.0,4.8
Electronic accessories,USB Hub,989100.0,4,4154220.0,3956400.0,197820.0,5.4
Electronic accessories,Tripod Smartphone,1125900.0,9,10639755.0,10133100.0,506655.0,4.3
Fashion accessories,Bros,246750.0,4,1036350.0,987000.0,49350.0,3.4
Fashion accessories,Tas Tangan,574500.0,4,2412900.0,2298000.0,114900.0,3.6
Sports and travel,Helm Sepeda,333600.0,10,3502800.0,3336000.0,166800.0,1.3
Sports and travel,Kaos Kaki Olahraga,816750.0,1,857588.0,816750.0,40838.0,6.8
Sports and travel,Jersey,1476000.0,7,10848600.0,10332000.0,516600.0,8.0
Home and lifestyle,Kursi,532050.0,4,2234610.0,2128200.0,106410.0,5.4
Food and beverages,Coklat Bubuk,1119000.0,10,11749500.0,11190000.0,559500.0,9.2
Home and lifestyle,Jam Dinding,1061100.0,4,4456620.0,4244400.0,212220.0,1.6
Home and lifestyle,Alat Pel,533100.0,10,5597550.0,5331000.0,266550.0,5.5
Sports and travel,Bola Futsal,1011450.0,5,5310112.0,5057250.0,252863.0,4.4
Health and beauty,Masker Wajah,316800.0,2,665280.0,633600.0,31680.0,9.5
Home and lifestyle,Kipas Angin,323100.0,9,3053295.0,2907900.0,145395.0,8.2
Home and lifestyle,Guling,180450.0,2,378945.0,360900.0,18045.0,2.6
Health and beauty,Sabun Muka,1495650.0,6,9422595.0,8973900.0,448695.0,6.8
Fashion accessories,Cincin,719550.0,7,5288692.0,5036850.0,251842.0,4.3
Home and lifestyle,Kompor Gas,327300.0,10,3436650.0,3273000.0,163650.0,5.6
Fashion accessories,Bandana,1431300.0,4,6011460.0,5725200.0,286260.0,4.6
Fashion accessories,Pin,1064850.0,10,11180925.0,10648500.0,532425.0,3.6
Sports and travel,Sepatu Olahraga,660300.0,10,6933150.0,6603000.0,330150.0,9.4
Home and lifestyle,Tempat Sampah,1049400.0,8,8814960.0,8395200.0,419760.0,4.6
Home and lifestyle,Tirai,555000.0,1,582750.0,555000.0,27750.0,6.8
Sports and travel,Pelampung,230100.0,1,241605.0,230100.0,11505.0,4.8
Health and beauty,Toner,1497450.0,6,9433935.0,8984700.0,449235.0,7.8
Health and beauty,Parfum,715050.0,4,3003210.0,2860200.0,143010.0,8.6
Health and beauty,Shampoo,1000200.0,5,5251050.0,5001000.0,250050.0,6.4
Home and lifestyle,Bantal,1122900.0,1,1179045.0,1122900.0,56145.0,5.4
Sports and travel,Botol Minum,356250.0,9,3366562.0,3206250.0,160312.0,9.2
Food and beverages,Saus Tomat,727650.0,7,5348228.0,5093550.0,254678.0,2.8
Home and lifestyle,Kipas Angin,1423200.0,7,10460520.0,9962400.0,498120.0,1.3
Electronic accessories,Car Charger,604500.0,10,6347250.0,6045000.0,302250.0,5.5
Electronic accessories,USB Hub,417750.0,7,3070462.0,2924250.0,146212.0,4.0
Electronic accessories,Keyboard,937200.0,1,984060.0,937200.0,46860.0,2.1
Food and beverages,Coklat Bubuk,545400.0,2,1145340.0,1090800.0,54540.0,5.6
Health and beauty,Parfum,271650.0,10,2852325.0,2716500.0,135825.0,3.8
Electronic accessories,Tripod Smartphone,778800.0,5,4088700.0,3894000.0,194700.0,6.2
Electronic accessories,Charger,432600.0,4,1816920.0,1730400.0,86520.0,4.6
Home and lifestyle,Blender,1175700.0,6,7406910.0,7054200.0,352710.0,3.7
Home and lifestyle,Tirai,900150.0,4,3780630.0,3600600.0,180030.0,1.8
Home and lifestyle,Jam Dinding,1329150.0,1,1395608.0,1329150.0,66458.0,6.6
Fashion accessories,Gelang,1497300.0,2,3144330.0,2994600.0,149730.0,5.0
Health and beauty,Hair Oil,585150.0,1,614408.0,585150.0,29258.0,2.1
Food and beverages,Air Mineral,729150.0,1,765608.0,729150.0,36458.0,1.6
Electronic accessories,Cooling Pad,767850.0,4,3224970.0,3071400.0,153570.0,2.1
Electronic accessories,Tripod Smartphone,224400.0,8,1884960.0,1795200.0,89760.0,7.9
Electronic accessories,Car Charger,1083000.0,7,7960050.0,7581000.0,379050.0,1.4
Sports and travel,Matras Yoga,603450.0,7,4435358.0,4224150.0,211208.0,9.4
Home and lifestyle,Rice Cooker,1331850.0,8,11187540.0,10654800.0,532740.0,1.1
Electronic accessories,Keyboard,397200.0,3,1251180.0,1191600.0,59580.0,2.1
Fashion accessories,Sarung Tangan,1228650.0,2,2580165.0,2457300.0,122865.0,6.7
Sports and travel,Tas Hiking,1198950.0,6,7553385.0,7193700.0,359685.0,3.2
Fashion accessories,Anting,1039950.0,2,2183895.0,2079900.0,103995.0,9.5
Food and beverages,Permen,213450.0,5,1120612.0,1067250.0,53362.0,1.6
Health and beauty,Body Scrub,233250.0,9,2204212.0,2099250.0,104962.0,2.5
Electronic accessories,Lampu LED USB,1171950.0,10,12305475.0,11719500.0,585975.0,1.6
Food and beverages,Minuman Bersoda,1490550.0,2,3130155.0,2981100.0,149055.0,2.8
Food and beverages,Minuman Bersoda,316200.0,3,996030.0,948600.0,47430.0,6.0
Electronic accessories,MicroSD,1121850.0,5,5889712.0,5609250.0,280462.0,2.4
Health and beauty,Obat Jerawat,445050.0,7,3271118.0,3115350.0,155768.0,7.2
Health and beauty,Conditioner,661050.0,4,2776410.0,2644200.0,132210.0,7.6
Food and beverages,Sereal,343950.0,9,3250328.0,3095550.0,154778.0,3.2
Health and beauty,Masker Wajah,591300.0,1,620865.0,591300.0,29565.0,7.6
Health and beauty,Sunscreen,228900.0,6,1442070.0,1373400.0,68670.0,9.7
Fashion accessories,Bros,926550.0,5,4864388.0,4632750.0,231638.0,5.0
Home and lifestyle,Tirai,322800.0,6,2033640.0,1936800.0,96840.0,9.1
Sports and travel,Botol Minum,1466100.0,4,6157620.0,5864400.0,293220.0,4.6
Food and beverages,Air Mineral,1496700.0,5,7857675.0,7483500.0,374175.0,3.1
Food and beverages,Roti,1413900.0,4,5938380.0,5655600.0,282780.0,7.9
Health and beauty,Body Scrub,766950.0,4,3221190.0,3067800.0,153390.0,1.0
Electronic accessories,Cooling Pad,545400.0,4,2290680.0,2181600.0,109080.0,6.4
Home and lifestyle,Rice Cooker,330300.0,9,3121335.0,2972700.0,148635.0,5.2
Food and beverages,Biskuit,493500.0,3,1554525.0,1480500.0,74025.0,8.6
Fashion accessories,Kacamata,1155300.0,5,6065325.0,5776500.0,288825.0,3.2
Food and beverages,Yogurt,352200.0,2,739620.0,704400.0,35220.0,6.8
Sports and travel,Pelindung Lutut,220500.0,5,1157625.0,1102500.0,55125.0,7.8
Electronic accessories,Wireless Charger,426750.0,5,2240438.0,2133750.0,106688.0,8.6
Fashion accessories,Dasi,1146000.0,9,10829700.0,10314000.0,515700.0,6.2
Sports and travel,Kaos Kaki Olahraga,869250.0,6,5476275.0,5215500.0,260775.0,2.8
Electronic accessories,VR Glasses,714750.0,3,2251462.0,2144250.0,107212.0,9.2
Food and beverages,Keripik Kentang,642300.0,9,6069735.0,5780700.0,289035.0,8.4
Electronic accessories,Webcam,721350.0,3,2272252.0,2164050.0,108202.0,6.7
Health and beauty,Handbody,839550.0,7,6170692.0,5876850.0,293842.0,8.4
Health and beauty,Sabun Muka,1153500.0,7,8478225.0,8074500.0,403725.0,6.6
Food and beverages,Biskuit,1455450.0,5,7641112.0,7277250.0,363862.0,9.0
Sports and travel,Topi Outdoor,669750.0,3,2109712.0,2009250.0,100462.0,4.3
Fashion accessories,Sarung Tangan,1168950.0,9,11046578.0,10520550.0,526028.0,6.4
Electronic accessories,Earphone,1079250.0,1,1133212.0,1079250.0,53962.0,6.0
Home and lifestyle,Kipas Angin,1338750.0,8,11245500.0,10710000.0,535500.0,2.1
Electronic accessories,Powerbank,390300.0,7,2868705.0,2732100.0,136605.0,2.6
Health and beauty,Obat Jerawat,202500.0,10,2126250.0,2025000.0,101250.0,2.2
Fashion accessories,Ikat Pinggang,1489500.0,10,15639750.0,14895000.0,744750.0,4.9
Electronic accessories,Mouse,775350.0,7,5698822.0,5427450.0,271372.0,3.2
Fashion accessories,Gelang,820950.0,7,6033982.0,5746650.0,287332.0,7.8
Home and lifestyle,Kompor Gas,405000.0,9,3827250.0,3645000.0,182250.0,2.2
Electronic accessories,Charger,453600.0,1,476280.0,453600.0,22680.0,7.6
Food and beverages,Keripik Kentang,1337100.0,4,5615820.0,5348400.0,267420.0,6.7
Fashion accessories,Cincin,563250.0,10,5914125.0,5632500.0,281625.0,9.0
Sports and travel,Sleeping Bag,1431600.0,10,15031800.0,14316000.0,715800.0,2.8
Electronic accessories,Webcam,412500.0,3,1299375.0,1237500.0,61875.0,4.8
Sports and travel,Pelampung,1124550.0,1,1180778.0,1124550.0,56228.0,3.4
Food and beverages,Roti,1214400.0,8,10200960.0,9715200.0,485760.0,6.1
Food and beverages,Teh,1417050.0,8,11903220.0,11336400.0,566820.0,8.6
Food and beverages,Yogurt,1496850.0,2,3143385.0,2993700.0,149685.0,7.0
Home and lifestyle,Tirai,1098300.0,6,6919290.0,6589800.0,329490.0,5.8
Food and beverages,Mie Instan,618600.0,4,2598120.0,2474400.0,123720.0,5.6
Fashion accessories,Gelang,1225200.0,4,5145840.0,4900800.0,245040.0,8.6
Electronic accessories,Adaptor,769800.0,9,7274610.0,6928200.0,346410.0,3.4
Home and lifestyle,Rice Cooker,989100.0,4,4154220.0,3956400.0,197820.0,4.0
Sports and travel,Helm Sepeda,215400.0,10,2261700.0,2154000.0,107700.0,3.1
Electronic accessories,Bluetooth Receiver,322500.0,9,3047625.0,2902500.0,145125.0,6.7
Electronic accessories,Wireless Charger,393900.0,7,2895165.0,2757300.0,137865.0,9.8
Fashion accessories,Kalung,914400.0,2,1920240.0,1828800.0,91440.0,2.4
Home and lifestyle,Guling,1051650.0,6,6625395.0,6309900.0,315495.0,2.8
Fashion accessories,Cincin,631200.0,6,3976560.0,3787200.0,189360.0,8.4
Home and lifestyle,Blender,1006350.0,5,5283338.0,5031750.0,251588.0,8.6
Fashion accessories,Ikat Pinggang,1450500.0,5,7615125.0,7252500.0,362625.0,5.5
Home and lifestyle,Dispenser,530700.0,9,5015115.0,4776300.0,238815.0,9.4
Sports and travel,Sleeping Bag,1432350.0,7,10527772.0,10026450.0,501322.0,8.0
Fashion accessories,Kaos Kaki,1454700.0,4,6109740.0,5818800.0,290940.0,9.1
Electronic accessories,Kabel Data,354750.0,4,1489950.0,1419000.0,70950.0,1.0
Sports and travel,Botol Minum,1234950.0,4,5186790.0,4939800.0,246990.0,6.2
Electronic accessories,Bluetooth Receiver,399150.0,2,838215.0,798300.0,39915.0,1.3
Food and beverages,Sereal,1495350.0,5,7850587.0,7476750.0,373838.0,9.8
Food and beverages,Sereal,1123350.0,4,4718070.0,4493400.0,224670.0,1.3
Food and beverages,Susu Kental Manis,614100.0,5,3224025.0,3070500.0,153525.0,9.8
Sports and travel,Sepatu Olahraga,1137300.0,1,1194165.0,1137300.0,56865.0,3.7
Food and beverages,Selai Kacang,701550.0,6,4419765.0,4209300.0,210465.0,4.0
Health and beauty,Pasta Gigi,484800.0,10,5090400.0,4848000.0,242400.0,10.0
Fashion accessories,Jam Tangan,811050.0,9,7664422.0,7299450.0,364972.0,9.2
Food and beverages,Susu,273300.0,7,2008755.0,1913100.0,95655.0,4.9
Fashion accessories,Kacamata,1207200.0,3,3802680.0,3621600.0,181080.0,7.2
Fashion accessories,Dasi,569250.0,10,5977125.0,5692500.0,284625.0,9.5
Electronic accessories,Car Charger,1152300.0,1,1209915.0,1152300.0,57615.0,5.8
Sports and travel,Bola Futsal,783900.0,10,8230950.0,7839000.0,391950.0,4.3
Health and beauty,Deodoran,1196100.0,1,1255905.0,1196100.0,59805.0,6.0
Health and beauty,Hair Tonic,1162500.0,5,6103125.0,5812500.0,290625.0,1.4
Food and beverages,Jus,814050.0,5,4273762.0,4070250.0,203512.0,1.9
Home and lifestyle,Guling,203850.0,9,1926382.0,1834650.0,91732.0,3.7
Health and beauty,Handbody,615900.0,6,3880170.0,3695400.0,184770.0,7.4
Electronic accessories,VR Glasses,288600.0,9,2727270.0,2597400.0,129870.0,7.0
Food and beverages,Permen,591450.0,6,3726135.0,3548700.0,177435.0,9.1
Home and lifestyle,Tirai,693300.0,4,2911860.0,2773200.0,138660.0,4.3
Home and lifestyle,Guling,209700.0,1,220185.0,209700.0,10485.0,9.7
Fashion accessories,Dompet,596250.0,5,3130312.0,2981250.0,149062.0,9.4
Fashion accessories,Anting,1466850.0,7,10781348.0,10267950.0,513398.0,2.4
Sports and travel,Pelampung,1008900.0,4,4237380.0,4035600.0,201780.0,7.0
Food and beverages,Air Mineral,206850.0,5,1085962.0,1034250.0,51712.0,6.7
Fashion accessories,Topi,1030650.0,4,4328730.0,4122600.0,206130.0,1.1
Home and lifestyle,Alat Pel,847950.0,4,3561390.0,3391800.0,169590.0,3.2
Fashion accessories,Topi,357300.0,5,1875825.0,1786500.0,89325.0,3.1
Health and beauty,Handbody,513150.0,10,5388075.0,5131500.0,256575.0,2.6
Sports and travel,Pelindung Lutut,328050.0,2,688905.0,656100.0,32805.0,5.4
Health and beauty,Body Scrub,314550.0,5,1651388.0,1572750.0,78638.0,6.7
Sports and travel,Kaos Kaki Olahraga,387600.0,3,1220940.0,1162800.0,58140.0,4.9
Home and lifestyle,Tempat Sampah,763950.0,8,6417180.0,6111600.0,305580.0,8.8
Health and beauty,Obat Jerawat,1441650.0,1,1513732.0,1441650.0,72082.0,6.7
Home and lifestyle,Bantal,680700.0,4,2858940.0,2722800.0,136140.0,8.0
Health and beauty,Pelembab,1222650.0,1,1283782.0,1222650.0,61132.0,8.8
Health and beauty,Deodoran,858300.0,2,1802430.0,1716600.0,85830.0,7.4
Electronic accessories,Keyboard,378300.0,7,2780505.0,2648100.0,132405.0,7.3
Food and beverages,Air Mineral,579000.0,3,1823850.0,1737000.0,86850.0,6.2
Electronic accessories,Kabel Data,1260750.0,3,3971362.0,3782250.0,189112.0,9.7
Fashion accessories,Bros,1458150.0,10,15310575.0,14581500.0,729075.0,8.0
Fashion accessories,Ikat Pinggang,381300.0,8,3202920.0,3050400.0,152520.0,5.0
Fashion accessories,Bandana,244200.0,1,256410.0,244200.0,12210.0,2.5
Fashion accessories,Sarung Tangan,609150.0,9,5756468.0,5482350.0,274118.0,5.5
Health and beauty,Shampoo,797550.0,7,5861992.0,5582850.0,279142.0,8.4
Food and beverages,Coklat Bubuk,313050.0,3,986108.0,939150.0,46958.0,7.0
Sports and travel,Sepeda,1009050.0,5,5297512.0,5045250.0,252262.0,5.4
Home and lifestyle,Kompor Gas,1359750.0,10,14277375.0,13597500.0,679875.0,6.0
Fashion accessories,Syal,1036200.0,2,2176020.0,2072400.0,103620.0,5.4
Food and beverages,Kopi,649050.0,2,1363005.0,1298100.0,64905.0,3.6
Electronic accessories,Powerbank,351900.0,6,2216970.0,2111400.0,105570.0,4.6
Fashion accessories,Gelang,1433100.0,7,10533285.0,10031700.0,501585.0,9.4
Fashion accessories,Kacamata,711600.0,1,747180.0,711600.0,35580.0,5.2
Sports and travel,Skipping Rope,1488600.0,9,14067270.0,13397400.0,669870.0,8.5
Sports and travel,Kacamata Renang,1243950.0,4,5224590.0,4975800.0,248790.0,9.4
Home and lifestyle,Kompor Gas,509850.0,6,3212055.0,3059100.0,152955.0,6.6
Food and beverages,Permen,255600.0,4,1073520.0,1022400.0,51120.0,5.5
Electronic accessories,VR Glasses,612900.0,8,5148360.0,4903200.0,245160.0,4.8
Food and beverages,Susu Kental Manis,261600.0,5,1373400.0,1308000.0,65400.0,7.2
Sports and travel,Tas Hiking,1326450.0,8,11142180.0,10611600.0,530580.0,1.4
Home and lifestyle,Kipas Angin,1338150.0,9,12645518.0,12043350.0,602168.0,4.8
Fashion accessories,Ikat Pinggang,191700.0,1,201285.0,191700.0,9585.0,9.2
Sports and travel,Raket,286500.0,7,2105775.0,2005500.0,100275.0,9.5
Health and beauty,Deodoran,287250.0,1,301612.0,287250.0,14362.0,9.2
Food and beverages,Keripik Kentang,414900.0,10,4356450.0,4149000.0,207450.0,8.4
Fashion accessories,Kacamata,686100.0,3,2161215.0,2058300.0,102915.0,4.8
Health and beauty,Hair Oil,406050.0,1,426352.0,406050.0,20302.0,3.0
Sports and travel,Topi Outdoor,586800.0,1,616140.0,586800.0,29340.0,9.4
Electronic accessories,Headphone,1120650.0,6,7060095.0,6723900.0,336195.0,5.0
Electronic accessories,Lampu LED USB,330150.0,6,2079945.0,1980900.0,99045.0,6.4
Food and beverages,Madu,954150.0,5,5009288.0,4770750.0,238538.0,2.2
Health and beauty,Lipstik,375000.0,1,393750.0,375000.0,18750.0,3.2
Electronic accessories,Webcam,311550.0,4,1308510.0,1246200.0,62310.0,2.1
Fashion accessories,Anting,443400.0,5,2327850.0,2217000.0,110850.0,5.4
Food and beverages,Susu UHT,1161000.0,9,10971450.0,10449000.0,522450.0,1.8
Electronic accessories,Wireless Charger,1190850.0,10,12503925.0,11908500.0,595425.0,4.3
Electronic accessories,Smartwatch,698550.0,10,7334775.0,6985500.0,349275.0,6.4
Food and beverages,Selai Kacang,538350.0,1,565268.0,538350.0,26918.0,6.8
Food and beverages,Susu,607800.0,5,3190950.0,3039000.0,151950.0,1.8
Food and beverages,Yogurt,1095750.0,10,11505375.0,10957500.0,547875.0,8.0
Sports and travel,Pelampung,1109250.0,4,4658850.0,4437000.0,221850.0,4.2
Food and beverages,Jus,339300.0,1,356265.0,339300.0,16965.0,4.6
Food and beverages,Biskuit,770100.0,5,4043025.0,3850500.0,192525.0,8.6
Sports and travel,Raket,818250.0,10,8591625.0,8182500.0,409125.0,5.6
Health and beauty,Lipstik,557250.0,7,4095788.0,3900750.0,195038.0,6.6
Sports and travel,Skipping Rope,555300.0,6,3498390.0,3331800.0,166590.0,1.8
Food and beverages,Permen,323700.0,1,339885.0,323700.0,16185.0,5.8
Electronic accessories,USB Hub,1482600.0,1,1556730.0,1482600.0,74130.0,7.6
Home and lifestyle,Kursi,1256550.0,6,7916265.0,7539300.0,376965.0,3.1
Sports and travel,Kacamata Renang,600750.0,4,2523150.0,2403000.0,120150.0,9.5
Fashion accessories,Kacamata,646950.0,10,6792975.0,6469500.0,323475.0,3.2
Health and beauty,Parfum,1088550.0,8,9143820.0,8708400.0,435420.0,1.9
Electronic accessories,Smartwatch,966600.0,5,5074650.0,4833000.0,241650.0,4.9
Health and beauty,Sunscreen,977700.0,3,3079755.0,2933100.0,146655.0,4.4
Sports and travel,Kacamata Renang,498900.0,5,2619225.0,2494500.0,124725.0,1.3
Electronic accessories,Earphone,1261050.0,4,5296410.0,5044200.0,252210.0,1.6
Sports and travel,Jas Hujan,515550.0,10,5413275.0,5155500.0,257775.0,5.0
Electronic accessories,Earphone,579000.0,1,607950.0,579000.0,28950.0,5.0
Food and beverages,Kopi,989550.0,8,8312220.0,7916400.0,395820.0,7.6
Electronic accessories,Headphone,492000.0,10,5166000.0,4920000.0,246000.0,4.3
Sports and travel,Sleeping Bag,557100.0,5,2924775.0,2785500.0,139275.0,2.5
Home and lifestyle,Jam Dinding,905700.0,10,9509850.0,9057000.0,452850.0,4.0
Sports and travel,Sleeping Bag,554700.0,10,5824350.0,5547000.0,277350.0,5.5
Sports and travel,Tas Hiking,742350.0,4,3117870.0,2969400.0,148470.0,4.9
Fashion accessories,Anting,616350.0,10,6471675.0,6163500.0,308175.0,6.0
Fashion accessories,Kacamata,557250.0,4,2340450.0,2229000.0,111450.0,7.4
Home and lifestyle,Alat Pel,344400.0,1,361620.0,344400.0,17220.0,1.4
Home and lifestyle,Jam Dinding,1165200.0,9,11011140.0,10486800.0,524340.0,9.7
Fashion accessories,Clutch,520500.0,2,1093050.0,1041000.0,52050.0,7.3
Fashion accessories,Anting,294900.0,10,3096450.0,2949000.0,147450.0,5.8
Health and beauty,Bedak,379800.0,8,3190320.0,3038400.0,151920.0,8.0
Home and lifestyle,Tempat Sampah,181800.0,10,1908900.0,1818000.0,90900.0,7.6
Fashion accessories,Tas Selempang,1498350.0,2,3146535.0,2996700.0,149835.0,5.6
Sports and travel,Topi Outdoor,1138800.0,8,9565920.0,9110400.0,455520.0,3.2
Electronic accessories,Car Charger,948300.0,2,1991430.0,1896600.0,94830.0,7.8
Food and beverages,Keripik Kentang,1353600.0,6,8527680.0,8121600.0,406080.0,4.3
Sports and travel,Pelindung Lutut,1471950.0,1,1545548.0,1471950.0,73598.0,8.4
Sports and travel,Kaos Kaki Olahraga,772800.0,8,6491520.0,6182400.0,309120.0,9.4
Sports and travel,Pedometer,1109550.0,1,1165028.0,1109550.0,55478.0,3.1
Fashion accessories,Sarung Tangan,478500.0,1,502425.0,478500.0,23925.0,8.6
Home and lifestyle,Setrika,1041000.0,2,2186100.0,2082000.0,104100.0,8.5
Sports and travel,Compass,1399650.0,2,2939265.0,2799300.0,139965.0,4.4
Sports and travel,Jas Hujan,1326750.0,1,1393088.0,1326750.0,66338.0,9.2
Electronic accessories,Car Charger,362700.0,8,3046680.0,2901600.0,145080.0,9.7
Sports and travel,Kacamata Renang,727500.0,3,2291625.0,2182500.0,109125.0,5.0
Food and beverages,Keripik Kentang,1260750.0,6,7942725.0,7564500.0,378225.0,6.6
Health and beauty,Bedak,919350.0,5,4826588.0,4596750.0,229838.0,5.5
Home and lifestyle,Cermin,239250.0,6,1507275.0,1435500.0,71775.0,2.6
Sports and travel,Matras Yoga,1361100.0,7,10004085.0,9527700.0,476385.0,4.3
Home and lifestyle,Alat Pel,643650.0,5,3379162.0,3218250.0,160912.0,4.2
Fashion accessories,Bros,814200.0,7,5984370.0,5699400.0,284970.0,9.0
Electronic accessories,Cooling Pad,1493250.0,7,10975388.0,10452750.0,522638.0,6.4
Sports and travel,Raket,875850.0,7,6437498.0,6130950.0,306548.0,7.3
Fashion accessories,Bandana,772050.0,1,810652.0,772050.0,38602.0,7.8
Health and beauty,Handbody,822900.0,5,4320225.0,4114500.0,205725.0,9.7
Home and lifestyle,Tirai,590850.0,5,3101962.0,2954250.0,147712.0,8.0
Home and lifestyle,Jam Dinding,520950.0,2,1093995.0,1041900.0,52095.0,9.5
Sports and travel,Kacamata Renang,1078800.0,5,5663700.0,5394000.0,269700.0,1.4
Electronic accessories,Charger,685650.0,3,2159798.0,2056950.0,102848.0,6.6
Home and lifestyle,Sprei,1247550.0,6,7859565.0,7485300.0,374265.0,6.0
Home and lifestyle,Meja,561600.0,6,3538080.0,3369600.0,168480.0,3.8
Health and beauty,Sunscreen,943050.0,2,1980405.0,1886100.0,94305.0,2.5
Food and beverages,Air Mineral,1225650.0,6,7721595.0,7353900.0,367695.0,7.0
Sports and travel,Kaos Kaki Olahraga,1371150.0,5,7198538.0,6855750.0,342788.0,5.6
Fashion accessories,Ikat Pinggang,588150.0,4,2470230.0,2352600.0,117630.0,8.5
Fashion accessories,Anting,897900.0,2,1885590.0,1795800.0,89790.0,5.0
Food and beverages,Susu Kental Manis,815400.0,10,8561700.0,8154000.0,407700.0,4.2
Sports and travel,Pelampung,1471350.0,9,13904258.0,13242150.0,662108.0,9.0
Health and beauty,Bedak,381450.0,6,2403135.0,2288700.0,114435.0,5.5
Fashion accessories,Anting,1300200.0,8,10921680.0,10401600.0,520080.0,5.8
Electronic accessories,Wireless Charger,344250.0,10,3614625.0,3442500.0,172125.0,7.3
Food and beverages,Air Mineral,244650.0,9,2311942.0,2201850.0,110092.0,7.6
Home and lifestyle,Rice Cooker,424800.0,5,2230200.0,2124000.0,106200.0,4.3
Home and lifestyle,Karpet,250050.0,7,1837868.0,1750350.0,87518.0,6.1
Fashion accessories,Pin,1109400.0,1,1164870.0,1109400.0,55470.0,2.5
Home and lifestyle,Kipas Angin,1469100.0,1,1542555.0,1469100.0,73455.0,5.4
Fashion accessories,Topi,1095750.0,4,4602150.0,4383000.0,219150.0,2.4
Food and beverages,Susu,1312200.0,6,8266860.0,7873200.0,393660.0,2.6
Home and lifestyle,Rice Cooker,460200.0,3,1449630.0,1380600.0,69030.0,8.6
Health and beauty,Skincare,1138200.0,1,1195110.0,1138200.0,56910.0,5.6
Sports and travel,Botol Minum,302700.0,4,1271340.0,1210800.0,60540.0,2.5
Electronic accessories,USB Hub,281550.0,6,1773765.0,1689300.0,84465.0,3.2
Food and beverages,Roti,1068000.0,1,1121400.0,1068000.0,53400.0,8.8
Home and lifestyle,Cermin,582150.0,4,2445030.0,2328600.0,116430.0,2.4
Fashion accessories,Bandana,441300.0,10,4633650.0,4413000.0,220650.0,8.4
Sports and travel,Sepeda,914250.0,9,8639662.0,8228250.0,411412.0,4.0
Sports and travel,Pedometer,773100.0,5,4058775.0,3865500.0,193275.0,1.3
Electronic accessories,Lampu LED USB,990900.0,6,6242670.0,5945400.0,297270.0,6.0
Fashion accessories,Sarung Tangan,859050.0,3,2706008.0,2577150.0,128858.0,4.8
Fashion accessories,Tas Tangan,814650.0,9,7698442.0,7331850.0,366592.0,8.4
Health and beauty,Sabun Muka,873600.0,9,8255520.0,7862400.0,393120.0,9.5
Electronic accessories,Charger,333150.0,6,2098845.0,1998900.0,99945.0,7.9
Electronic accessories,Kabel Data,289800.0,7,2130030.0,2028600.0,101430.0,5.4
Home and lifestyle,Kipas Angin,562200.0,3,1770930.0,1686600.0,84330.0,6.6
Fashion accessories,Tas Tangan,1080600.0,2,2269260.0,2161200.0,108060.0,9.2
Food and beverages,Jus,1477800.0,10,15516900.0,14778000.0,738900.0,1.8
Food and beverages,Coklat,624900.0,6,3936870.0,3749400.0,187470.0,3.4
Home and lifestyle,Karpet,1086300.0,3,3421845.0,3258900.0,162945.0,7.3
Electronic accessories,Earphone,323700.0,9,3058965.0,2913300.0,145665.0,6.0
Food and beverages,Susu Kental Manis,1338000.0,10,14049000.0,13380000.0,669000.0,1.6
Electronic accessories,Mouse,636300.0,8,5344920.0,5090400.0,254520.0,3.6
Electronic accessories,Kabel Data,1117650.0,6,7041195.0,6705900.0,335295.0,2.5
Fashion accessories,Sarung Tangan,1488750.0,2,3126375.0,2977500.0,148875.0,8.5
Food and beverages,Yogurt,1218150.0,10,12790575.0,12181500.0,609075.0,4.4
Sports and travel,Sepatu Olahraga,739950.0,10,7769475.0,7399500.0,369975.0,9.1
Fashion accessories,Syal,986100.0,9,9318645.0,8874900.0,443745.0,6.6
Fashion accessories,Kaos Kaki,1197900.0,7,8804565.0,8385300.0,419265.0,3.2
Sports and travel,Skipping Rope,1109700.0,7,8156295.0,7767900.0,388395.0,1.1
Home and lifestyle,Vacuum Cleaner,1230600.0,5,6460650.0,6153000.0,307650.0,6.4
Sports and travel,Pelampung,400050.0,10,4200525.0,4000500.0,200025.0,7.9
Food and beverages,Susu,151950.0,7,1116832.0,1063650.0,53182.0,7.4
Food and beverages,Susu UHT,1085850.0,2,2280285.0,2171700.0,108585.0,7.2
Sports and travel,Jersey,1288650.0,5,6765412.0,6443250.0,322162.0,7.9
Fashion accessories,Bros,1219650.0,7,8964428.0,8537550.0,426878.0,4.4
Food and beverages,Roti,904500.0,4,3798900.0,3618000.0,180900.0,3.7
Food and beverages,Coklat Bubuk,476550.0,4,2001510.0,1906200.0,95310.0,4.3
Health and beauty,Parfum,964050.0,4,4049010.0,3856200.0,192810.0,6.6
Health and beauty,Shampoo,1042650.0,2,2189565.0,2085300.0,104265.0,7.2
Food and beverages,Biskuit,408300.0,3,1286145.0,1224900.0,61245.0,6.0
Health and beauty,Masker Wajah,1165200.0,4,4893840.0,4660800.0,233040.0,7.6
Fashion accessories,Tas Selempang,1394700.0,2,2928870.0,2789400.0,139470.0,7.0
Fashion accessories,Gelang,271200.0,4,1139040.0,1084800.0,54240.0,9.2
Sports and travel,Topi Outdoor,945900.0,3,2979585.0,2837700.0,141885.0,5.5
Health and beauty,Lipstik,775650.0,4,3257730.0,3102600.0,155130.0,9.7
Food and beverages,Biskuit,785100.0,3,2473065.0,2355300.0,117765.0,8.8
Sports and travel,Sleeping Bag,645900.0,5,3390975.0,3229500.0,161475.0,6.6
Fashion accessories,Dasi,894150.0,10,9388575.0,8941500.0,447075.0,3.0
Health and beauty,Serum,219300.0,5,1151325.0,1096500.0,54825.0,1.6
Health and beauty,Serum,697950.0,6,4397085.0,4187700.0,209385.0,1.4
Home and lifestyle,Sprei,363600.0,7,2672460.0,2545200.0,127260.0,9.1
Sports and travel,Raket,683700.0,1,717885.0,683700.0,34185.0,9.7
Sports and travel,Jas Hujan,1128000.0,3,3553200.0,3384000.0,169200.0,2.2
Sports and travel,Kaos Kaki Olahraga,1452000.0,3,4573800.0,4356000.0,217800.0,3.0
Health and beauty,Lipstik,222300.0,3,700245.0,666900.0,33345.0,8.0
Food and beverages,Teh,783000.0,3,2466450.0,2349000.0,117450.0,9.2
Sports and travel,Helm Sepeda,699900.0,9,6614055.0,6299100.0,314955.0,3.0
Fashion accessories,Pin,552750.0,5,2901938.0,2763750.0,138188.0,8.8
Home and lifestyle,Setrika,1054800.0,2,2215080.0,2109600.0,105480.0,9.4
Electronic accessories,Car Charger,1246200.0,1,1308510.0,1246200.0,62310.0,4.6
Fashion accessories,Sarung Tangan,974850.0,1,1023593.0,974850.0,48742.0,1.8
Food and beverages,Air Mineral,1163400.0,10,12215700.0,11634000.0,581700.0,5.4
Sports and travel,Kacamata Renang,817650.0,6,5151195.0,4905900.0,245295.0,6.7
Fashion accessories,Kalung,778350.0,7,5720872.0,5448450.0,272422.0,1.8
Home and lifestyle,Bantal,476250.0,4,2000250.0,1905000.0,95250.0,7.9
Fashion accessories,Dompet,804750.0,7,5914912.0,5633250.0,281662.0,2.8
Food and beverages,Coklat Bubuk,746850.0,4,3136770.0,2987400.0,149370.0,4.6
Fashion accessories,Clutch,459150.0,1,482108.0,459150.0,22958.0,2.8
Food and beverages,Madu,868350.0,2,1823535.0,1736700.0,86835.0,8.4
Electronic accessories,Tripod Smartphone,434400.0,1,456120.0,434400.0,21720.0,4.3
Food and beverages,Mie Instan,1484550.0,9,14028998.0,13360950.0,668048.0,5.0
Fashion accessories,Tas Selempang,1398300.0,3,4404645.0,4194900.0,209745.0,5.8
Sports and travel,Skipping Rope,1213950.0,1,1274648.0,1213950.0,60698.0,8.5
Food and beverages,Permen,1011750.0,10,10623375.0,10117500.0,505875.0,1.3
Sports and travel,Sepeda,580800.0,9,5488560.0,5227200.0,261360.0,1.3
Sports and travel,Kacamata Renang,1089000.0,6,6860700.0,6534000.0,326700.0,5.4
Electronic accessories,VR Glasses,1318650.0,5,6922912.0,6593250.0,329662.0,1.6
Food and beverages,Sereal,1477950.0,6,9311085.0,8867700.0,443385.0,1.0
Fashion accessories,Jam Tangan,651900.0,6,4106970.0,3911400.0,195570.0,7.8
Food and beverages,Yogurt,1075200.0,3,3386880.0,3225600.0,161280.0,8.8
Food and beverages,Coklat,1374150.0,1,1442858.0,1374150.0,68708.0,9.7
Home and lifestyle,Kipas Angin,1418850.0,7,10428548.0,9931950.0,496597.0,2.4
Fashion accessories,Pin,1248750.0,10,13111875.0,12487500.0,624375.0,1.6
Fashion accessories,Syal,1370250.0,1,1438762.0,1370250.0,68512.0,5.2
Food and beverages,Sereal,1183200.0,2,2484720.0,2366400.0,118320.0,8.6
Sports and travel,Sepatu Olahraga,913050.0,2,1917405.0,1826100.0,91305.0,8.0
Health and beauty,Deodoran,1238700.0,10,13006350.0,12387000.0,619350.0,2.5
Home and lifestyle,Meja,799500.0,3,2518425.0,2398500.0,119925.0,6.2
Fashion accessories,Syal,181350.0,1,190418.0,181350.0,9068.0,7.3
Sports and travel,Sepeda,962850.0,10,10109925.0,9628500.0,481425.0,5.0
Electronic accessories,USB Hub,1174650.0,3,3700148.0,3523950.0,176198.0,3.1
Food and beverages,Madu,1256550.0,2,2638755.0,2513100.0,125655.0,5.5
Home and lifestyle,Cermin,1495500.0,3,4710825.0,4486500.0,224325.0,2.1
Food and beverages,Yogurt,1198650.0,3,3775748.0,3595950.0,179798.0,2.5
Health and beauty,Lipstik,997050.0,10,10469025.0,9970500.0,498525.0,2.5
Health and beauty,Skincare,434250.0,7,3191738.0,3039750.0,151988.0,4.0
Electronic accessories,Webcam,693000.0,1,727650.0,693000.0,34650.0,4.4
Food and beverages,Roti,264450.0,5,1388362.0,1322250.0,66112.0,7.8
Fashion accessories,Cincin,786300.0,3,2476845.0,2358900.0,117945.0,6.2
Food and beverages,Roti,1481850.0,3,4667828.0,4445550.0,222278.0,4.6
Electronic accessories,Speaker Bluetooth,1328250.0,8,11157300.0,10626000.0,531300.0,2.1
Electronic accessories,Smartwatch,835050.0,2,1753605.0,1670100.0,83505.0,4.0
Food and beverages,Minuman Bersoda,1087800.0,8,9137520.0,8702400.0,435120.0,1.0
Electronic accessories,VR Glasses,180750.0,5,948938.0,903750.0,45188.0,3.2
Home and lifestyle,Guling,290400.0,9,2744280.0,2613600.0,130680.0,8.0
Health and beauty,Body Scrub,1053150.0,6,6634845.0,6318900.0,315945.0,6.1
Fashion accessories,Kalung,504450.0,1,529672.0,504450.0,25222.0,3.4
Sports and travel,Sleeping Bag,232350.0,2,487935.0,464700.0,23235.0,4.4
Electronic accessories,Kabel Data,371100.0,10,3896550.0,3711000.0,185550.0,5.6
Electronic accessories,Kabel Data,1134900.0,5,5958225.0,5674500.0,283725.0,6.7
Health and beauty,Serum,837150.0,6,5274045.0,5022900.0,251145.0,9.8
Home and lifestyle,Dispenser,1091700.0,10,11462850.0,10917000.0,545850.0,6.0
Sports and travel,Sepatu Olahraga,559800.0,9,5290110.0,5038200.0,251910.0,2.6
Fashion accessories,Anting,902700.0,4,3791340.0,3610800.0,180540.0,9.1
Electronic accessories,Smartwatch,235350.0,3,741352.0,706050.0,35302.0,3.7
Electronic accessories,Mouse,1495350.0,1,1570118.0,1495350.0,74768.0,7.0
Fashion accessories,Clutch,1322250.0,3,4165088.0,3966750.0,198338.0,6.8
Sports and travel,Pedometer,418950.0,5,2199488.0,2094750.0,104738.0,3.8
Fashion accessories,Kaos Kaki,831750.0,1,873338.0,831750.0,41588.0,2.4
Sports and travel,Matras Yoga,644550.0,3,2030332.0,1933650.0,96682.0,9.0
Sports and travel,Kacamata Renang,257100.0,7,1889685.0,1799700.0,89985.0,6.8
Fashion accessories,Jam Tangan,881250.0,6,5551875.0,5287500.0,264375.0,3.8
Food and beverages,Jus,1306500.0,10,13718250.0,13065000.0,653250.0,9.8
Sports and travel,Dumbbell,1482000.0,2,3112200.0,2964000.0,148200.0,6.6
Fashion accessories,Bandana,729450.0,4,3063690.0,2917800.0,145890.0,6.4
Food and beverages,Susu,866100.0,3,2728215.0,2598300.0,129915.0,6.6
Health and beauty,Deodoran,269550.0,4,1132110.0,1078200.0,53910.0,4.6
Health and beauty,Pelembab,715650.0,6,4508595.0,4293900.0,214695.0,1.6
Sports and travel,Kaos Kaki Olahraga,609300.0,2,1279530.0,1218600.0,60930.0,1.1
Fashion accessories,Kaos Kaki,840600.0,10,8826300.0,8406000.0,420300.0,1.6
Food and beverages,Coklat Bubuk,1401000.0,2,2942100.0,2802000.0,140100.0,3.2
Health and beauty,Toner,1101150.0,3,3468622.0,3303450.0,165172.0,1.0
Health and beauty,Hair Oil,504600.0,8,4238640.0,4036800.0,201840.0,9.0
Electronic accessories,Bluetooth Receiver,682200.0,10,7163100.0,6822000.0,341100.0,2.2
Fashion accessories,Anting,1256550.0,2,2638755.0,2513100.0,125655.0,1.9
Sports and travel,Matras Yoga,961200.0,7,7064820.0,6728400.0,336420.0,6.0
Food and beverages,Susu,1102050.0,4,4628610.0,4408200.0,220410.0,4.0
Health and beauty,Obat Jerawat,884250.0,10,9284625.0,8842500.0,442125.0,7.2
Food and beverages,Susu UHT,727500.0,6,4583250.0,4365000.0,218250.0,9.1
Electronic accessories,USB Hub,592200.0,1,621810.0,592200.0,29610.0,4.8
Sports and travel,Sepatu Olahraga,522150.0,1,548258.0,522150.0,26108.0,5.5
Fashion accessories,Clutch,739800.0,6,4660740.0,4438800.0,221940.0,5.6
Fashion accessories,Gelang,322200.0,2,676620.0,644400.0,32220.0,4.9
Sports and travel,Sepatu Olahraga,346200.0,6,2181060.0,2077200.0,103860.0,2.4
Home and lifestyle,Cermin,736500.0,2,1546650.0,1473000.0,73650.0,4.6
Sports and travel,Kacamata Renang,972450.0,2,2042145.0,1944900.0,97245.0,7.0
Home and lifestyle,Bantal,953400.0,10,10010700.0,9534000.0,476700.0,1.4
Sports and travel,Compass,1093200.0,2,2295720.0,2186400.0,109320.0,4.2
Food and beverages,Minuman Bersoda,1006500.0,3,3170475.0,3019500.0,150975.0,6.2
Sports and travel,Pedometer,1052850.0,9,9949432.0,9475650.0,473782.0,5.0
Food and beverages,Kopi,825600.0,7,6068160.0,5779200.0,288960.0,2.8
Health and beauty,Sabun Muka,729450.0,10,7659225.0,7294500.0,364725.0,8.2
Fashion accessories,Tas Selempang,1100700.0,7,8090145.0,7704900.0,385245.0,9.2
Food and beverages,Mie Instan,789000.0,9,7456050.0,7101000.0,355050.0,6.4
Home and lifestyle,Lemari,1310550.0,5,6880388.0,6552750.0,327638.0,4.9
Sports and travel,Matras Yoga,405600.0,4,1703520.0,1622400.0,81120.0,5.4
Home and lifestyle,Kursi,932850.0,4,3917970.0,3731400.0,186570.0,1.4
Electronic accessories,Cooling Pad,1043700.0,9,9862965.0,9393300.0,469665.0,6.7
Home and lifestyle,Setrika,1462500.0,10,15356250.0,14625000.0,731250.0,7.0
Fashion accessories,Bandana,906150.0,8,7611660.0,7249200.0,362460.0,9.4
Food and beverages,Coklat,484800.0,3,1527120.0,1454400.0,72720.0,1.4
Fashion accessories,Kacamata,296550.0,10,3113775.0,2965500.0,148275.0,2.5
Health and beauty,Lipstik,1207050.0,9,11406622.0,10863450.0,543172.0,8.8
Home and lifestyle,Dispenser,1325850.0,9,12529282.0,11932650.0,596632.0,4.4
Health and beauty,Conditioner,1076550.0,7,7912642.0,7535850.0,376792.0,8.4
Electronic accessories,Cooling Pad,645000.0,4,2709000.0,2580000.0,129000.0,6.4
Food and beverages,Coklat,1034700.0,1,1086435.0,1034700.0,51735.0,2.2
Fashion accessories,Topi,234300.0,8,1968120.0,1874400.0,93720.0,8.6
Sports and travel,Raket,385500.0,3,1214325.0,1156500.0,57825.0,4.2
Food and beverages,Susu,1209300.0,6,7618590.0,7255800.0,362790.0,8.6
Home and lifestyle,Bantal,1132950.0,4,4758390.0,4531800.0,226590.0,7.4
Electronic accessories,Speaker Bluetooth,1164450.0,9,11004052.0,10480050.0,524003.0,5.8
Health and beauty,Sabun Mandi,207750.0,9,1963238.0,1869750.0,93488.0,4.0
Fashion accessories,Syal,1480500.0,8,12436200.0,11844000.0,592200.0,7.8
Health and beauty,Body Scrub,535200.0,5,2809800.0,2676000.0,133800.0,4.9
Fashion accessories,Tas Selempang,1071900.0,7,7878465.0,7503300.0,375165.0,1.8
Electronic accessories,Bluetooth Receiver,179100.0,3,564165.0,537300.0,26865.0,7.2
Fashion accessories,Anting,680700.0,3,2144205.0,2042100.0,102105.0,5.8
Fashion accessories,Kaos Kaki,262200.0,6,1651860.0,1573200.0,78660.0,4.2
Fashion accessories,Topi,383400.0,7,2817990.0,2683800.0,134190.0,5.6
Sports and travel,Pelindung Lutut,1359450.0,9,12846802.0,12235050.0,611752.0,2.6
Home and lifestyle,Rice Cooker,661800.0,3,2084670.0,1985400.0,99270.0,6.8
Food and beverages,Yogurt,551550.0,7,4053892.0,3860850.0,193042.0,6.1
Food and beverages,Kopi,350100.0,4,1470420.0,1400400.0,70020.0,6.1
Health and beauty,Hair Tonic,427500.0,8,3591000.0,3420000.0,171000.0,4.9
Home and lifestyle,Blender,833550.0,3,2625682.0,2500650.0,125032.0,3.8
Sports and travel,Sepatu Olahraga,1046100.0,10,10984050.0,10461000.0,523050.0,8.4
Fashion accessories,Bandana,1458900.0,4,6127380.0,5835600.0,291780.0,5.2
Home and lifestyle,Tirai,782700.0,7,5752845.0,5478900.0,273945.0,9.0
Fashion accessories,Sarung Tangan,334800.0,4,1406160.0,1339200.0,66960.0,1.6
Health and beauty,Hair Tonic,840000.0,3,2646000.0,2520000.0,126000.0,2.2
Fashion accessories,Kalung,295500.0,1,310275.0,295500.0,14775.0,9.2
Electronic accessories,Kabel Data,1138200.0,7,8365770.0,7967400.0,398370.0,8.4
Food and beverages,Saus Tomat,805800.0,1,846090.0,805800.0,40290.0,4.6
Health and beauty,Lipstik,1229250.0,10,12907125.0,12292500.0,614625.0,4.0
Home and lifestyle,Rice Cooker,1218000.0,7,8952300.0,8526000.0,426300.0,7.2
Electronic accessories,Bluetooth Receiver,881400.0,10,9254700.0,8814000.0,440700.0,8.5
Electronic accessories,VR Glasses,1373400.0,8,11536560.0,10987200.0,549360.0,4.0
Home and lifestyle,Jam Dinding,1409400.0,9,13318830.0,12684600.0,634230.0,9.7
Home and lifestyle,Vacuum Cleaner,834150.0,7,6131002.0,5839050.0,291952.0,7.8
Food and beverages,Biskuit,1272450.0,1,1336072.0,1272450.0,63623.0,8.2
Sports and travel,Matras Yoga,1074450.0,2,2256345.0,2148900.0,107445.0,8.2
Home and lifestyle,Kompor Gas,565350.0,2,1187235.0,1130700.0,56535.0,9.2
Sports and travel,Raket,475050.0,8,3990420.0,3800400.0,190020.0,3.4
Food and beverages,Madu,576300.0,1,605115.0,576300.0,28815.0,7.9
Fashion accessories,Jepit Rambut,978450.0,10,10273725.0,9784500.0,489225.0,2.8
Home and lifestyle,Kursi,157950.0,5,829238.0,789750.0,39488.0,3.7
Home and lifestyle,Rice Cooker,184350.0,9,1742108.0,1659150.0,82958.0,7.0
Health and beauty,Masker Wajah,1218450.0,7,8955608.0,8529150.0,426458.0,8.5
Fashion accessories,Sarung Tangan,334800.0,4,1406160.0,1339200.0,66960.0,1.1
Food and beverages,Minuman Bersoda,409200.0,5,2148300.0,2046000.0,102300.0,7.9
Electronic accessories,Cooling Pad,261300.0,10,2743650.0,2613000.0,130650.0,5.5
Home and lifestyle,Alat Pel,1099200.0,5,5770800.0,5496000.0,274800.0,7.6
Fashion accessories,Sarung Tangan,1273050.0,3,4010108.0,3819150.0,190958.0,6.1
Fashion accessories,Kalung,1459350.0,8,12258540.0,11674800.0,583740.0,4.3
Electronic accessories,Headphone,536100.0,8,4503240.0,4288800.0,214440.0,2.4
Home and lifestyle,Tirai,1447800.0,6,9121140.0,8686800.0,434340.0,1.8
Food and beverages,Sereal,282750.0,10,2968875.0,2827500.0,141375.0,3.4
Food and beverages,Saus Tomat,830850.0,4,3489570.0,3323400.0,166170.0,7.0
Food and beverages,Keripik Kentang,1158000.0,10,12159000.0,11580000.0,579000.0,3.4
Electronic accessories,Powerbank,1081950.0,10,11360475.0,10819500.0,540975.0,1.3
Fashion accessories,Dompet,958200.0,8,8048880.0,7665600.0,383280.0,9.8
Health and beauty,Bedak,160350.0,5,841838.0,801750.0,40088.0,6.4
Health and beauty,Sabun Mandi,832500.0,4,3496500.0,3330000.0,166500.0,4.9
Home and lifestyle,Setrika,1431900.0,8,12027960.0,11455200.0,572760.0,2.1
Fashion accessories,Bros,1140900.0,3,3593835.0,3422700.0,171135.0,9.7
Sports and travel,Matras Yoga,205350.0,6,1293705.0,1232100.0,61605.0,4.4
Electronic accessories,Lampu LED USB,1434600.0,4,6025320.0,5738400.0,286920.0,6.8
Home and lifestyle,Sprei,171450.0,6,1080135.0,1028700.0,51435.0,6.6
Sports and travel,Raket,1433100.0,4,6019020.0,5732400.0,286620.0,1.8
Health and beauty,Deodoran,1288050.0,7,9467168.0,9016350.0,450818.0,7.0
Sports and travel,Compass,1019850.0,7,7495898.0,7138950.0,356948.0,3.6
Food and beverages,Minuman Bersoda,786300.0,1,825615.0,786300.0,39315.0,4.4
Food and beverages,Susu Kental Manis,984750.0,2,2067975.0,1969500.0,98475.0,4.0
Food and beverages,Permen,432900.0,5,2272725.0,2164500.0,108225.0,7.0
Health and beauty,Hair Tonic,979650.0,7,7200428.0,6857550.0,342878.0,1.3
Sports and travel,Tas Hiking,1400700.0,1,1470735.0,1400700.0,70035.0,9.4
Sports and travel,Kaos Kaki Olahraga,378750.0,5,1988438.0,1893750.0,94688.0,4.2
Electronic accessories,Kabel Data,1318050.0,9,12455572.0,11862450.0,593122.0,3.4
Health and beauty,Conditioner,327000.0,8,2746800.0,2616000.0,130800.0,7.4
Sports and travel,Sepatu Olahraga,1421400.0,4,5969880.0,5685600.0,284280.0,6.7
Fashion accessories,Tas Tangan,459300.0,1,482265.0,459300.0,22965.0,1.1
Home and lifestyle,Karpet,660150.0,8,5545260.0,5281200.0,264060.0,8.2
Health and beauty,Skincare,152400.0,5,800100.0,762000.0,38100.0,1.1
Electronic accessories,Keyboard,1118700.0,7,8222445.0,7830900.0,391545.0,8.5
Electronic accessories,Lampu LED USB,1078350.0,8,9058140.0,8626800.0,431340.0,3.2
Health and beauty,Skincare,164850.0,5,865462.0,824250.0,41212.0,9.0
Health and beauty,Skincare,907050.0,3,2857208.0,2721150.0,136058.0,3.4
Sports and travel,Compass,883650.0,7,6494828.0,6185550.0,309278.0,9.5
Fashion accessories,Bandana,696150.0,1,730958.0,696150.0,34808.0,1.0
Health and beauty,Pasta Gigi,1028250.0,4,4318650.0,4113000.0,205650.0,8.8
Home and lifestyle,Cermin,1460550.0,10,15335775.0,14605500.0,730275.0,2.4
Electronic accessories,Charger,1389000.0,7,10209150.0,9723000.0,486150.0,9.0
Electronic accessories,Tripod Smartphone,699150.0,2,1468215.0,1398300.0,69915.0,4.9
Fashion accessories,Jam Tangan,407700.0,2,856170.0,815400.0,40770.0,1.4
Home and lifestyle,Kompor Gas,913050.0,1,958702.0,913050.0,45652.0,3.2
Sports and travel,Pelampung,367350.0,10,3857175.0,3673500.0,183675.0,7.2
Health and beauty,Hair Oil,1391700.0,1,1461285.0,1391700.0,69585.0,9.7
Home and lifestyle,Tempat Sampah,1300350.0,5,6826838.0,6501750.0,325088.0,9.1
Sports and travel,Compass,345150.0,6,2174445.0,2070900.0,103545.0,6.8
Electronic accessories,Webcam,453000.0,8,3805200.0,3624000.0,181200.0,2.6
Fashion accessories,Gelang,1010850.0,7,7429748.0,7075950.0,353798.0,5.4
Fashion accessories,Jepit Rambut,734400.0,9,6940080.0,6609600.0,330480.0,7.0
Electronic accessories,Adaptor,1133850.0,9,10714882.0,10204650.0,510233.0,7.0
Home and lifestyle,Lemari,1162050.0,4,4880610.0,4648200.0,232410.0,1.3
Sports and travel,Compass,1397700.0,2,2935170.0,2795400.0,139770.0,7.8
Electronic accessories,Cooling Pad,753450.0,4,3164490.0,3013800.0,150690.0,8.5
Health and beauty,Hair Tonic,266250.0,1,279562.0,266250.0,13312.0,7.9
Fashion accessories,Gelang,932700.0,10,9793350.0,9327000.0,466350.0,4.0
Health and beauty,Hair Oil,161250.0,8,1354500.0,1290000.0,64500.0,4.3
Electronic accessories,Mouse,603900.0,10,6340950.0,6039000.0,301950.0,2.5
Sports and travel,Helm Sepeda,974550.0,5,5116388.0,4872750.0,243638.0,4.8
Electronic accessories,Smartwatch,1427250.0,1,1498612.0,1427250.0,71362.0,4.0
Electronic accessories,USB Hub,729300.0,8,6126120.0,5834400.0,291720.0,2.5
Food and beverages,Susu UHT,798150.0,8,6704460.0,6385200.0,319260.0,2.5
Fashion accessories,Dasi,681600.0,7,5009760.0,4771200.0,238560.0,8.8
Food and beverages,Madu,508200.0,8,4268880.0,4065600.0,203280.0,9.4
Health and beauty,Serum,1442400.0,4,6058080.0,5769600.0,288480.0,7.6
Food and beverages,Susu UHT,707400.0,5,3713850.0,3537000.0,176850.0,4.0
Electronic accessories,Wireless Charger,793350.0,4,3332070.0,3173400.0,158670.0,5.0
Home and lifestyle,Vacuum Cleaner,715200.0,2,1501920.0,1430400.0,71520.0,1.1
Sports and travel,Tas Hiking,152550.0,1,160178.0,152550.0,7627.0,3.8
Health and beauty,Pasta Gigi,1030650.0,3,3246548.0,3091950.0,154598.0,8.0
Sports and travel,Sepeda,901200.0,7,6623820.0,6308400.0,315420.0,1.8
Sports and travel,Sepatu Olahraga,330150.0,4,1386630.0,1320600.0,66030.0,4.9
Health and beauty,Handbody,1081650.0,9,10221592.0,9734850.0,486742.0,6.6
Fashion accessories,Sarung Tangan,619200.0,3,1950480.0,1857600.0,92880.0,7.8
Electronic accessories,Wireless Charger,974250.0,10,10229625.0,9742500.0,487125.0,2.8
Electronic accessories,Wireless Charger,1113300.0,10,11689650.0,11133000.0,556650.0,1.4
Electronic accessories,Lampu LED USB,158400.0,8,1330560.0,1267200.0,63360.0,6.4
Health and beauty,Parfum,938550.0,4,3941910.0,3754200.0,187710.0,9.2
Sports and travel,Sleeping Bag,177750.0,8,1493100.0,1422000.0,71100.0,1.1
Health and beauty,Hair Oil,1369500.0,1,1437975.0,1369500.0,68475.0,8.8
Home and lifestyle,Meja,610950.0,7,4490482.0,4276650.0,213832.0,3.1
Fashion accessories,Tas Tangan,785700.0,1,824985.0,785700.0,39285.0,3.7
Fashion accessories,Pin,578100.0,5,3035025.0,2890500.0,144525.0,3.4
Sports and travel,Skipping Rope,669450.0,6,4217535.0,4016700.0,200835.0,2.6
Electronic accessories,MicroSD,838050.0,10,8799525.0,8380500.0,419025.0,3.7
Sports and travel,Tas Hiking,438300.0,6,2761290.0,2629800.0,131490.0,2.5
Fashion accessories,Kalung,779100.0,3,2454165.0,2337300.0,116865.0,6.8
Electronic accessories,Speaker Bluetooth,904500.0,1,949725.0,904500.0,45225.0,4.0
Sports and travel,Pelampung,592050.0,2,1243305.0,1184100.0,59205.0,2.5
Food and beverages,Madu,223050.0,2,468405.0,446100.0,22305.0,8.4
Fashion accessories,Kacamata,319800.0,1,335790.0,319800.0,15990.0,3.8
Electronic accessories,Kabel Data,1406700.0,3,4431105.0,4220100.0,211005.0,3.8
Electronic accessories,Charger,1098900.0,1,1153845.0,1098900.0,54945.0,9.5
Sports and travel,Sepeda,335700.0,1,352485.0,335700.0,16785.0,7.9
Food and beverages,Saus Tomat,1093200.0,9,10330740.0,9838800.0,491940.0,1.0
Fashion accessories,Sarung Tangan,1486500.0,6,9364950.0,8919000.0,445950.0,1.3
Fashion accessories,Pin,1111500.0,1,1167075.0,1111500.0,55575.0,8.8
Fashion accessories,Tas Selempang,1477200.0,2,3102120.0,2954400.0,147720.0,8.8
Health and beauty,Pelembab,797850.0,7,5864198.0,5584950.0,279248.0,2.5
Electronic accessories,Tripod Smartphone,791850.0,10,8314425.0,7918500.0,395925.0,10.0
Health and beauty,Sabun Mandi,1439250.0,5,7556062.0,7196250.0,359812.0,8.2
Fashion accessories,Kalung,547650.0,9,5175292.0,4928850.0,246442.0,1.3
Food and beverages,Biskuit,316800.0,8,2661120.0,2534400.0,126720.0,4.4
Home and lifestyle,Bantal,424650.0,4,1783530.0,1698600.0,84930.0,7.3
Health and beauty,Serum,863850.0,6,5442255.0,5183100.0,259155.0,2.6
Food and beverages,Minuman Bersoda,714450.0,9,6751552.0,6430050.0,321502.0,2.5
Home and lifestyle,Rak Sepatu,1294050.0,1,1358752.0,1294050.0,64703.0,5.5
Sports and travel,Bola Futsal,191400.0,2,401940.0,382800.0,19140.0,6.7
Home and lifestyle,Kipas Angin,169200.0,9,1598940.0,1522800.0,76140.0,1.4
Home and lifestyle,Kipas Angin,766050.0,7,5630468.0,5362350.0,268118.0,5.5
Electronic accessories,Adaptor,1193850.0,3,3760628.0,3581550.0,179078.0,4.9
Health and beauty,Hair Tonic,507150.0,3,1597522.0,1521450.0,76072.0,6.0
Sports and travel,Botol Minum,1357950.0,8,11406780.0,10863600.0,543180.0,4.8
Health and beauty,Hair Oil,942300.0,2,1978830.0,1884600.0,94230.0,2.4
Food and beverages,Mie Instan,364650.0,3,1148648.0,1093950.0,54698.0,1.4
Sports and travel,Kacamata Renang,968850.0,4,4069170.0,3875400.0,193770.0,9.0
Food and beverages,Biskuit,372300.0,7,2736405.0,2606100.0,130305.0,5.6
Fashion accessories,Jepit Rambut,847500.0,1,889875.0,847500.0,42375.0,9.4
Electronic accessories,Charger,321450.0,10,3375225.0,3214500.0,160725.0,4.3
Sports and travel,Compass,1335900.0,6,8416170.0,8015400.0,400770.0,9.8
Home and lifestyle,Sprei,349350.0,4,1467270.0,1397400.0,69870.0,3.8
Home and lifestyle,Lemari,978900.0,8,8222760.0,7831200.0,391560.0,4.4
Fashion accessories,Bandana,785250.0,1,824512.0,785250.0,39262.0,1.0
Electronic accessories,USB Hub,596250.0,1,626062.0,596250.0,29812.0,4.2
Electronic accessories,MicroSD,1350300.0,8,11342520.0,10802400.0,540120.0,1.8
Electronic accessories,VR Glasses,181500.0,8,1524600.0,1452000.0,72600.0,7.9
Food and beverages,Teh,498150.0,10,5230575.0,4981500.0,249075.0,4.0
Fashion accessories,Kacamata,152700.0,8,1282680.0,1221600.0,61080.0,9.2
Sports and travel,Kacamata Renang,479850.0,10,5038425.0,4798500.0,239925.0,9.8
Home and lifestyle,Blender,516300.0,6,3252690.0,3097800.0,154890.0,6.2
Food and beverages,Biskuit,1250100.0,2,2625210.0,2500200.0,125010.0,6.4
Sports and travel,Sepeda,683700.0,7,5025195.0,4785900.0,239295.0,2.5
Food and beverages,Yogurt,1318500.0,1,1384425.0,1318500.0,65925.0,5.0
Electronic accessories,Smartwatch,1102050.0,10,11571525.0,11020500.0,551025.0,9.2
Fashion accessories,Tas Tangan,182850.0,8,1535940.0,1462800.0,73140.0,5.2
Sports and travel,Helm Sepeda,1153800.0,10,12114900.0,11538000.0,576900.0,3.4
Health and beauty,Lipstik,1254900.0,5,6588225.0,6274500.0,313725.0,5.8
Electronic accessories,Kabel Data,868650.0,8,7296660.0,6949200.0,347460.0,7.2
Fashion accessories,Clutch,1387350.0,5,7283588.0,6936750.0,346838.0,7.9
Electronic accessories,USB Hub,425700.0,5,2234925.0,2128500.0,106425.0,9.1
Electronic accessories,Wireless Charger,756750.0,6,4767525.0,4540500.0,227025.0,8.4
Health and beauty,Sabun Mandi,1487400.0,8,12494160.0,11899200.0,594960.0,1.3
Fashion accessories,Tas Selempang,911100.0,7,6696585.0,6377700.0,318885.0,2.5
Food and beverages,Mie Instan,709050.0,6,4467015.0,4254300.0,212715.0,8.2
Health and beauty,Shampoo,1284000.0,7,9437400.0,8988000.0,449400.0,3.0
Food and beverages,Roti,525600.0,9,4966920.0,4730400.0,236520.0,1.9
Electronic accessories,Keyboard,672600.0,9,6356070.0,6053400.0,302670.0,6.2
Home and lifestyle,Jam Dinding,689550.0,4,2896110.0,2758200.0,137910.0,2.6
Health and beauty,Handbody,415950.0,5,2183738.0,2079750.0,103988.0,1.3
Food and beverages,Roti,172950.0,7,1271182.0,1210650.0,60532.0,7.2
Health and beauty,Hair Oil,874800.0,2,1837080.0,1749600.0,87480.0,4.0
Home and lifestyle,Tirai,1175700.0,4,4937940.0,4702800.0,235140.0,6.8
Health and beauty,Handbody,1269150.0,10,13326075.0,12691500.0,634575.0,8.2
Health and beauty,Masker Wajah,1243200.0,5,6526800.0,6216000.0,310800.0,4.9
Food and beverages,Susu,1193100.0,2,2505510.0,2386200.0,119310.0,4.3
Home and lifestyle,Kursi,735150.0,10,7719075.0,7351500.0,367575.0,1.3
Food and beverages,Coklat,437250.0,3,1377338.0,1311750.0,65588.0,6.0
Electronic accessories,Webcam,841950.0,4,3536190.0,3367800.0,168390.0,7.9
Home and lifestyle,Cermin,1396800.0,8,11733120.0,11174400.0,558720.0,5.2
Fashion accessories,Dompet,770100.0,8,6468840.0,6160800.0,308040.0,6.4
Food and beverages,Sereal,1494000.0,3,4706100.0,4482000.0,224100.0,3.7
Electronic accessories,Lampu LED USB,532350.0,6,3353805.0,3194100.0,159705.0,1.1
Sports and travel,Helm Sepeda,642750.0,1,674888.0,642750.0,32138.0,9.0
Fashion accessories,Jepit Rambut,1420050.0,4,5964210.0,5680200.0,284010.0,5.2
Home and lifestyle,Setrika,1034550.0,3,3258832.0,3103650.0,155182.0,8.0
Electronic accessories,Car Charger,393900.0,3,1240785.0,1181700.0,59085.0,4.4
Home and lifestyle,Tirai,536850.0,9,5073232.0,4831650.0,241582.0,2.6
Home and lifestyle,Rak Sepatu,245550.0,6,1546965.0,1473300.0,73665.0,5.5
Home and lifestyle,Rice Cooker,190950.0,2,400995.0,381900.0,19095.0,2.8
Sports and travel,Bola Futsal,1247100.0,7,9166185.0,8729700.0,436485.0,4.9
Sports and travel,Helm Sepeda,528300.0,6,3328290.0,3169800.0,158490.0,4.8
Electronic accessories,MicroSD,206700.0,4,868140.0,826800.0,41340.0,8.5
Sports and travel,Matras Yoga,1324650.0,1,1390882.0,1324650.0,66232.0,2.8
Health and beauty,Conditioner,594300.0,9,5616135.0,5348700.0,267435.0,5.2
Electronic accessories,Bluetooth Receiver,1323750.0,9,12509438.0,11913750.0,595688.0,6.4
Sports and travel,Botol Minum,379650.0,2,797265.0,759300.0,37965.0,5.8
Home and lifestyle,Vacuum Cleaner,1498800.0,6,9442440.0,8992800.0,449640.0,5.6
Fashion accessories,Bros,1250250.0,2,2625525.0,2500500.0,125025.0,9.2
Food and beverages,Permen,1116600.0,10,11724300.0,11166000.0,558300.0,2.6
Health and beauty,Shampoo,961200.0,7,7064820.0,6728400.0,336420.0,6.4
Home and lifestyle,Meja,947250.0,6,5967675.0,5683500.0,284175.0,9.7
Home and lifestyle,Tempat Sampah,1285800.0,3,4050270.0,3857400.0,192870.0,2.6
Health and beauty,Shampoo,1183350.0,7,8697622.0,8283450.0,414172.0,6.2
Sports and travel,Pelindung Lutut,1342200.0,5,7046550.0,6711000.0,335550.0,6.1
Health and beauty,Obat Jerawat,1381350.0,3,4351252.0,4144050.0,207202.0,1.3
Food and beverages,Jus,859350.0,6,5413905.0,5156100.0,257805.0,3.8
Food and beverages,Coklat,997800.0,4,4190760.0,3991200.0,199560.0,5.4
Fashion accessories,Topi,1497300.0,9,14149485.0,13475700.0,673785.0,4.9
Home and lifestyle,Meja,685200.0,10,7194600.0,6852000.0,342600.0,3.6
Health and beauty,Pelembab,761850.0,5,3999712.0,3809250.0,190462.0,3.0
Health and beauty,Deodoran,151200.0,7,1111320.0,1058400.0,52920.0,1.3
Electronic accessories,USB Hub,1408200.0,7,10350270.0,9857400.0,492870.0,6.0
Electronic accessories,Adaptor,1263750.0,2,2653875.0,2527500.0,126375.0,3.0
Fashion accessories,Bros,806700.0,1,847035.0,806700.0,40335.0,2.1
Home and lifestyle,Tirai,537150.0,5,2820038.0,2685750.0,134288.0,6.8
Food and beverages,Mie Instan,396450.0,8,3330180.0,3171600.0,158580.0,8.4
Health and beauty,Toner,598650.0,3,1885748.0,1795950.0,89798.0,9.0
Home and lifestyle,Tempat Sampah,328500.0,3,1034775.0,985500.0,49275.0,2.1
Food and beverages,Susu,942750.0,4,3959550.0,3771000.0,188550.0,8.0
Food and beverages,Sereal,315600.0,4,1325520.0,1262400.0,63120.0,6.4
Home and lifestyle,Sprei,988650.0,6,6228495.0,5931900.0,296595.0,3.6
Fashion accessories,Jam Tangan,638550.0,7,4693342.0,4469850.0,223492.0,5.2
Food and beverages,Kopi,757350.0,9,7156958.0,6816150.0,340808.0,3.1
Electronic accessories,Headphone,690300.0,6,4348890.0,4141800.0,207090.0,5.6
Home and lifestyle,Rice Cooker,237000.0,10,2488500.0,2370000.0,118500.0,6.7
Food and beverages,Yogurt,1479900.0,9,13985055.0,13319100.0,665955.0,7.6
Fashion accessories,Kacamata,1379700.0,1,1448685.0,1379700.0,68985.0,9.7
Electronic accessories,Earphone,313350.0,2,658035.0,626700.0,31335.0,9.7
Fashion accessories,Clutch,232500.0,1,244125.0,232500.0,11625.0,6.1
Electronic accessories,Lampu LED USB,1452300.0,3,4574745.0,4356900.0,217845.0,5.0
Food and beverages,Minuman Bersoda,499950.0,2,1049895.0,999900.0,49995.0,4.6
Electronic accessories,Earphone,574050.0,2,1205505.0,1148100.0,57405.0,3.7
Home and lifestyle,Setrika,499500.0,9,4720275.0,4495500.0,224775.0,5.8
Home and lifestyle,Rak Sepatu,1215150.0,3,3827722.0,3645450.0,182272.0,9.0
Health and beauty,Sunscreen,237000.0,3,746550.0,711000.0,35550.0,9.2
Electronic accessories,Wireless Charger,517350.0,5,2716088.0,2586750.0,129338.0,8.5
Food and beverages,Susu Kental Manis,1269450.0,10,13329225.0,12694500.0,634725.0,8.5
Home and lifestyle,Guling,553650.0,7,4069328.0,3875550.0,193778.0,5.0
Electronic accessories,Webcam,1306200.0,7,9600570.0,9143400.0,457170.0,3.2
Home and lifestyle,Kompor Gas,1201200.0,3,3783780.0,3603600.0,180180.0,3.1
Fashion accessories,Kalung,1291950.0,2,2713095.0,2583900.0,129195.0,7.3
Fashion accessories,Jam Tangan,748800.0,2,1572480.0,1497600.0,74880.0,5.5
Food and beverages,Coklat,1119900.0,4,4703580.0,4479600.0,223980.0,7.8
Food and beverages,Permen,399000.0,6,2513700.0,2394000.0,119700.0,2.4
Electronic accessories,Smartwatch,381750.0,1,400838.0,381750.0,19088.0,2.6
Food and beverages,Biskuit,1016550.0,1,1067378.0,1016550.0,50828.0,4.8
Food and beverages,Selai Kacang,893850.0,4,3754170.0,3575400.0,178770.0,9.7
Health and beauty,Skincare,872250.0,4,3663450.0,3489000.0,174450.0,7.6
Sports and travel,Botol Minum,1462200.0,9,13817790.0,13159800.0,657990.0,6.1
Health and beauty,Sabun Mandi,1499400.0,7,11020590.0,10495800.0,524790.0,4.2
Electronic accessories,Speaker Bluetooth,1445550.0,7,10624792.0,10118850.0,505942.0,4.0
Fashion accessories,Tas Tangan,955650.0,5,5017162.0,4778250.0,238912.0,7.8
Health and beauty,Shampoo,221400.0,2,464940.0,442800.0,22140.0,1.4
Health and beauty,Toner,930000.0,8,7812000.0,7440000.0,372000.0,4.3
Electronic accessories,Adaptor,1235100.0,10,12968550.0,12351000.0,617550.0,1.4
Health and beauty,Conditioner,1130550.0,8,9496620.0,9044400.0,452220.0,7.6
Food and beverages,Teh,848400.0,5,4454100.0,4242000.0,212100.0,1.8
Sports and travel,Pedometer,1149000.0,10,12064500.0,11490000.0,574500.0,4.0
Electronic accessories,USB Hub,870450.0,2,1827945.0,1740900.0,87045.0,8.2
Fashion accessories,Ikat Pinggang,262350.0,10,2754675.0,2623500.0,131175.0,4.9
Electronic accessories,Earphone,914250.0,1,959962.0,914250.0,45712.0,3.8
Health and beauty,Obat Jerawat,605250.0,1,635512.0,605250.0,30262.0,4.3
Home and lifestyle,Rak Sepatu,1460700.0,10,15337350.0,14607000.0,730350.0,1.6
Food and beverages,Roti,477600.0,1,501480.0,477600.0,23880.0,6.6
Home and lifestyle,Jam Dinding,987300.0,1,1036665.0,987300.0,49365.0,1.1
Fashion accessories,Ikat Pinggang,1325100.0,7,9739485.0,9275700.0,463785.0,4.9
